01/1990,02/1991,03/1992,04/1993,05/1994,06/1995,07/1996,08/1997,09/1998,10/1999,11/2000,12/2001,13/2002,14/2003,15/2004,16/2005,17/2006,18/2007,19/2008,20/2009,21/2010,22/2011,23/2012,24/2013,25/2014,26/2015,27/2016,28/2017,29/2018
S129,S129,S129,S129,S129,S129,S129,S129,S129,S129,S129,S129,S129,S129,S129,S129,S129,S129,S129,S129,S129,S129,S129,S129,S129,S129,S129,S129,S129
S1099,S1099,S1099,S1099,S1099,S1099,S1099,S1099,S1099,S1099,S1099,S1099,S1099,S1099,S1099,S1099,S1099,S1099,S1099,S1099,S1099,S1099,S1099,S1099,S1099,S1099,S1099,S1099,S1099
S251,S251,S251,S251,S251,S251,S251,S251,S251,S251,S251,S251,S251,S251,S251,S251,S251,S251,S251,S251,S251,S251,S251,S251,S251,S251,S251,S251,S251
S1083,S1083,S1083,S1083,S1083,S1083,S1083,S1083,S1083,S1083,S1083,S1083,S1083,S1083,S1083,S1083,S1083,S1083,S1083,S1083,S1083,S1083,S1083,S1083,S1083,S1083,S1083,S1083,S1083
S940,S940,S940,S940,S940,S940,S940,S940,S940,S940,S940,S940,S940,S940,S940,S940,S940,S940,S940,S940,S940,S940,S940,S940,S940,S940,S940,S940,S940
S1134,S1134,S1134,S1134,S1134,S1134,S1134,S1134,S1134,S1134,S1134,S1134,S1134,S1134,S1134,S1134,S1134,S1134,S1134,S1134,S1134,S1134,S1134,S1134,S1134,S1134,S1134,S1134,S1134
S1275,S1275,S1275,S1275,S1275,S1275,S1275,S1275,S1275,S1275,S1275,S1275,S1275,S1275,S1275,S1275,S1275,S1275,S1275,S1275,S1275,S1275,S1275,S1275,S1275,S1275,S1275,S1275,S1275
S912,S912,S912,S912,S912,S912,S912,S912,S912,S912,S912,S912,S912,S912,S912,S912,S912,S912,S912,S912,S912,S912,S912,S912,S912,S912,S912,S912,S912
S1143,S1143,S1143,S1143,S1143,S1143,S1143,S1143,S1143,S1143,S1143,S1143,S1143,S1143,S1143,S1143,S1143,S1143,S1143,S1143,S1143,S1143,S1143,S1143,S1143,S1143,S1143,S1143,S1143
S846,S846,S846,S846,S846,S846,S846,S846,S846,S846,S846,S846,S846,S846,S846,S846,S846,S846,S846,S846,S846,S846,S846,S846,S846,S846,S846,S846,S846
S1184,S1184,S1184,S1184,S1184,S1184,S1184,S1184,S1184,S1184,S1184,S1184,S1184,S1184,S1184,S1184,S1184,S1184,S1184,S1184,S1184,S1184,S1184,S1184,S1184,S1184,S1184,S1184,S1184
S193,S193,S193,S193,S193,S193,S193,S193,S193,S193,S193,S193,S193,S193,S193,S193,S193,S193,S193,S193,S193,S193,S193,S193,S193,S193,S193,S193,S193
S1332,S1332,S1332,S1332,S1332,S1332,S1332,S1332,S1332,S1332,S1332,S1332,S1332,S1332,S1332,S1332,S1332,S1332,S1332,S1332,S1332,S1332,S1332,S1332,S1332,S1332,S1332,S1332,S1332
S991,S991,S991,S991,S991,S991,S991,S991,S991,S991,S991,S991,S991,S991,S991,S991,S991,S991,S991,S991,S991,S991,S991,S991,S991,S991,S991,S991,S991
S1107,S1107,S1107,S1107,S1107,S1107,S1107,S1107,S1107,S1107,S1107,S1107,S1107,S1107,S1107,S1107,S1107,S1107,S1107,S1107,S1107,S1107,S1107,S1107,S1107,S1107,S1107,S1107,S1107
S377,S377,S377,S377,S377,S377,S377,S377,S377,S377,S377,S377,S377,S377,S377,S377,S377,S377,S377,S377,S377,S377,S377,S377,S377,S377,S377,S377,S377
S1190,S1190,S1190,S1190,S1190,S1190,S1190,S1190,S1190,S1190,S1190,S1190,S1190,S1190,S1190,S1190,S1190,S1190,S1190,S1190,S1190,S1190,S1190,S1190,S1190,S1190,S1190,S1190,S1190
S490,S490,S490,S490,S490,S490,S490,S490,S490,S490,S490,S490,S490,S490,S490,S490,S490,S490,S490,S490,S490,S490,S490,S490,S490,S490,S490,S490,S490
S1238,S1238,S1238,S1238,S1238,S1238,S1238,S1238,S1238,S1238,S1238,S1238,S1238,S1238,S1238,S1238,S1238,S1238,S1238,S1238,S1238,S1238,S1238,S1238,S1238,S1238,S1238,S1238,S1238
S1017,S1017,S1017,S1017,S1017,S1017,S1017,S1017,S1017,S1017,S1017,S1017,S1017,S1017,S1017,S1017,S1017,S1017,S1017,S1017,S1017,S1017,S1017,S1017,S1017,S1017,S1017,S1017,S1017
S499,S499,S499,S499,S499,S499,S499,S499,S499,S499,S499,S499,S499,S499,S499,S499,S499,S499,S499,S499,S499,S499,S499,S499,S499,S499,S499,S499,S499
S950,S950,S950,S950,S950,S950,S950,S950,S950,S950,S950,S950,S950,S950,S950,S950,S950,S950,S950,S950,S950,S950,S950,S950,S950,S950,S950,S950,S950
S362,S362,S362,S362,S362,S362,S362,S362,S362,S362,S362,S362,S362,S362,S362,S362,S362,S362,S362,S362,S362,S362,S362,S362,S362,S362,S362,S362,S362
S813,S813,S813,S813,S813,S813,S813,S813,S813,S813,S813,S813,S813,S813,S813,S813,S813,S813,S813,S813,S813,S813,S813,S813,S813,S813,S813,S813,S813
S238,S238,S238,S238,S238,S238,S238,S238,S238,S238,S238,S238,S238,S238,S238,S238,S238,S238,S238,S238,S238,S238,S238,S238,S238,S238,S238,S238,S238
S484,S484,S484,S484,S484,S484,S484,S484,S484,S484,S484,S484,S484,S484,S484,S484,S484,S484,S484,S484,S484,S484,S484,S484,S484,S484,S484,S484,S484
S1055,S1055,S1055,S1055,S1055,S1055,S1055,S1055,S1055,S1055,S1055,S1055,S1055,S1055,S1055,S1055,S1055,S1055,S1055,S1055,S1055,S1055,S1055,S1055,S1055,S1055,S1055,S1055,S1055
S285,S285,S285,S285,S285,S285,S285,S285,S285,S285,S285,S285,S285,S285,S285,S285,S285,S285,S285,S285,S285,S285,S285,S285,S285,S285,S285,S285,S285
S50,S50,S50,S50,S50,S50,S50,S50,S50,S50,S50,S50,S50,S50,S50,S50,S50,S50,S50,S50,S50,S50,S50,S50,S50,S50,S50,S50,S50
S391,S391,S391,S391,S391,S391,S391,S391,S391,S391,S391,S391,S391,S391,S391,S391,S391,S391,S391,S391,S391,S391,S391,S391,S391,S391,S391,S391,S391
S1106,S1106,S1106,S1106,S1106,S1106,S1106,S1106,S1106,S1106,S1106,S1106,S1106,S1106,S1106,S1106,S1106,S1106,S1106,S1106,S1106,S1106,S1106,S1106,S1106,S1106,S1106,S1106,S1106
S677,S677,S677,S677,S677,S677,S677,S677,S677,S677,S677,S677,S677,S677,S677,S677,S677,S677,S677,S677,S677,S677,S677,S677,S677,S677,S677,S677,S677
S459,S459,S459,S459,S459,S459,S459,S459,S459,S459,S459,S459,S459,S459,S459,S459,S459,S459,S459,S459,S459,S459,S459,S459,S459,S459,S459,S459,S459
S191,S191,S191,S191,S191,S191,S191,S191,S191,S191,S191,S191,S191,S191,S191,S191,S191,S191,S191,S191,S191,S191,S191,S191,S191,S191,S191,S191,S191
S1268,S1268,S1268,S1268,S1268,S1268,S1268,S1268,S1268,S1268,S1268,S1268,S1268,S1268,S1268,S1268,S1268,S1268,S1268,S1268,S1268,S1268,S1268,S1268,S1268,S1268,S1268,S1268,S1268
S313,S313,S313,S313,S313,S313,S313,S313,S313,S313,S313,S313,S313,S313,S313,S313,S313,S313,S313,S313,S313,S313,S313,S313,S313,S313,S313,S313,S313
S257,S257,S257,S257,S257,S257,S257,S257,S257,S257,S257,S257,S257,S257,S257,S257,S257,S257,S257,S257,S257,S257,S257,S257,S257,S257,S257,S257,S257
S1255,S1255,S1255,S1255,S1255,S1255,S1255,S1255,S1255,S1255,S1255,S1255,S1255,S1255,S1255,S1255,S1255,S1255,S1255,S1255,S1255,S1255,S1255,S1255,S1255,S1255,S1255,S1255,S1255
S1296,S1296,S1296,S1296,S1296,S1296,S1296,S1296,S1296,S1296,S1296,S1296,S1296,S1296,S1296,S1296,S1296,S1296,S1296,S1296,S1296,S1296,S1296,S1296,S1296,S1296,S1296,S1296,S1296
S1293,S1293,S1293,S1293,S1293,S1293,S1293,S1293,S1293,S1293,S1293,S1293,S1293,S1293,S1293,S1293,S1293,S1293,S1293,S1293,S1293,S1293,S1293,S1293,S1293,S1293,S1293,S1293,S1293
S61,S61,S61,S61,S61,S61,S61,S61,S61,S61,S61,S61,S61,S61,S61,S61,S61,S61,S61,S61,S61,S61,S61,S61,S61,S61,S61,S61,S61
S54,S54,S54,S54,S54,S54,S54,S54,S54,S54,S54,S54,S54,S54,S54,S54,S54,S54,S54,S54,S54,S54,S54,S54,S54,S54,S54,S54,S54
S1295,S1295,S1295,S1295,S1295,S1295,S1295,S1295,S1295,S1295,S1295,S1295,S1295,S1295,S1295,S1295,S1295,S1295,S1295,S1295,S1295,S1295,S1295,S1295,S1295,S1295,S1295,S1295,S1295
S1171,S1171,S1171,S1171,S1171,S1171,S1171,S1171,S1171,S1171,S1171,S1171,S1171,S1171,S1171,S1171,S1171,S1171,S1171,S1171,S1171,S1171,S1171,S1171,S1171,S1171,S1171,S1171,S1171
S826,S826,S826,S826,S826,S826,S826,S826,S826,S826,S826,S826,S826,S826,S826,S826,S826,S826,S826,S826,S826,S826,S826,S826,S826,S826,S826,S826,S826
S510,S510,S510,S510,S510,S510,S510,S510,S510,S510,S510,S510,S510,S510,S510,S510,S510,S510,S510,S510,S510,S510,S510,S510,S510,S510,S510,S510,S510
S888,S888,S888,S888,S888,S888,S888,S888,S888,S888,S888,S888,S888,S888,S888,S888,S888,S888,S888,S888,S888,S888,S888,S888,S888,S888,S888,S888,S888
S1210,S1210,S1210,S1210,S1210,S1210,S1210,S1210,S1210,S1210,S1210,S1210,S1210,S1210,S1210,S1210,S1210,S1210,S1210,S1210,S1210,S1210,S1210,S1210,S1210,S1210,S1210,S1210,S1210
S478,S478,S478,S478,S478,S478,S478,S478,S478,S478,S478,S478,S478,S478,S478,S478,S478,S478,S478,S478,S478,S478,S478,S478,S478,S478,S478,S478,S478
S948,S948,S948,S948,S948,S948,S948,S948,S948,S948,S948,S948,S948,S948,S948,S948,S948,S948,S948,S948,S948,S948,S948,S948,S948,S948,S948,S948,S948
S16,S16,S16,S16,S16,S16,S16,S16,S16,S16,S16,S16,S16,S16,S16,S16,S16,S16,S16,S16,S16,S16,S16,S16,S16,S16,S16,S16,S16
S1175,S1175,S1175,S1175,S1175,S1175,S1175,S1175,S1175,S1175,S1175,S1175,S1175,S1175,S1175,S1175,S1175,S1175,S1175,S1175,S1175,S1175,S1175,S1175,S1175,S1175,S1175,S1175,S1175
S281,S281,S281,S281,S281,S281,S281,S281,S281,S281,S281,S281,S281,S281,S281,S281,S281,S281,S281,S281,S281,S281,S281,S281,S281,S281,S281,S281,S281
S774,S774,S774,S774,S774,S774,S774,S774,S774,S774,S774,S774,S774,S774,S774,S774,S774,S774,S774,S774,S774,S774,S774,S774,S774,S774,S774,S774,S774
S282,S282,S282,S282,S282,S282,S282,S282,S282,S282,S282,S282,S282,S282,S282,S282,S282,S282,S282,S282,S282,S282,S282,S282,S282,S282,S282,S282,S282
S34,S34,S34,S34,S34,S34,S34,S34,S34,S34,S34,S34,S34,S34,S34,S34,S34,S34,S34,S34,S34,S34,S34,S34,S34,S34,S34,S34,S34
S591,S591,S591,S591,S591,S591,S591,S591,S591,S591,S591,S591,S591,S591,S591,S591,S591,S591,S591,S591,S591,S591,S591,S591,S591,S591,S591,S591,S591
S1335,S1335,S1335,S1335,S1335,S1335,S1335,S1335,S1335,S1335,S1335,S1335,S1335,S1335,S1335,S1335,S1335,S1335,S1335,S1335,S1335,S1335,S1335,S1335,S1335,S1335,S1335,S1335,S1335
S531,S531,S531,S531,S531,S531,S531,S531,S531,S531,S531,S531,S531,S531,S531,S531,S531,S531,S531,S531,S531,S531,S531,S531,S531,S531,S531,S531,S531
S1081,S1081,S1081,S1081,S1081,S1081,S1081,S1081,S1081,S1081,S1081,S1081,S1081,S1081,S1081,S1081,S1081,S1081,S1081,S1081,S1081,S1081,S1081,S1081,S1081,S1081,S1081,S1081,S1081
S984,S984,S984,S984,S984,S984,S984,S984,S984,S984,S984,S984,S984,S984,S984,S984,S984,S984,S984,S984,S984,S984,S984,S984,S984,S984,S984,S984,S984
S1111,S1111,S1111,S1111,S1111,S1111,S1111,S1111,S1111,S1111,S1111,S1111,S1111,S1111,S1111,S1111,S1111,S1111,S1111,S1111,S1111,S1111,S1111,S1111,S1111,S1111,S1111,S1111,S1111
S1000,S1000,S1000,S1000,S1000,S1000,S1000,S1000,S1000,S1000,S1000,S1000,S1000,S1000,S1000,S1000,S1000,S1000,S1000,S1000,S1000,S1000,S1000,S1000,S1000,S1000,S1000,S1000,S1000
S934,S934,S934,S934,S934,S934,S934,S934,S934,S934,S934,S934,S934,S934,S934,S934,S934,S934,S934,S934,S934,S934,S934,S934,S934,S934,S934,S934,S934
S287,S287,S287,S287,S287,S287,S287,S287,S287,S287,S287,S287,S287,S287,S287,S287,S287,S287,S287,S287,S287,S287,S287,S287,S287,S287,S287,S287,S287
S284,S284,S284,S284,S284,S284,S284,S284,S284,S284,S284,S284,S284,S284,S284,S284,S284,S284,S284,S284,S284,S284,S284,S284,S284,S284,S284,S284,S284
S179,S179,S179,S179,S179,S179,S179,S179,S179,S179,S179,S179,S179,S179,S179,S179,S179,S179,S179,S179,S179,S179,S179,S179,S179,S179,S179,S179,S179
S845,S845,S845,S845,S845,S845,S845,S845,S845,S845,S845,S845,S845,S845,S845,S845,S845,S845,S845,S845,S845,S845,S845,S845,S845,S845,S845,S845,S845
S1085,S1085,S1085,S1085,S1085,S1085,S1085,S1085,S1085,S1085,S1085,S1085,S1085,S1085,S1085,S1085,S1085,S1085,S1085,S1085,S1085,S1085,S1085,S1085,S1085,S1085,S1085,S1085,S1085
S1214,S1214,S1214,S1214,S1214,S1214,S1214,S1214,S1214,S1214,S1214,S1214,S1214,S1214,S1214,S1214,S1214,S1214,S1214,S1214,S1214,S1214,S1214,S1214,S1214,S1214,S1214,S1214,S1214
S710,S710,S710,S710,S710,S710,S710,S710,S710,S710,S710,S710,S710,S710,S710,S710,S710,S710,S710,S710,S710,S710,S710,S710,S710,S710,S710,S710,S710
S708,S708,S708,S708,S708,S708,S708,S708,S708,S708,S708,S708,S708,S708,S708,S708,S708,S708,S708,S708,S708,S708,S708,S708,S708,S708,S708,S708,S708
S938,S938,S938,S938,S938,S938,S938,S938,S938,S938,S938,S938,S938,S938,S938,S938,S938,S938,S938,S938,S938,S938,S938,S938,S938,S938,S938,S938,S938
S1302,S1302,S1302,S1302,S1302,S1302,S1302,S1302,S1302,S1302,S1302,S1302,S1302,S1302,S1302,S1302,S1302,S1302,S1302,S1302,S1302,S1302,S1302,S1302,S1302,S1302,S1302,S1302,S1302
S71,S71,S71,S71,S71,S71,S71,S71,S71,S71,S71,S71,S71,S71,S71,S71,S71,S71,S71,S71,S71,S71,S71,S71,S71,S71,S71,S71,S71
S1165,S1165,S1165,S1165,S1165,S1165,S1165,S1165,S1165,S1165,S1165,S1165,S1165,S1165,S1165,S1165,S1165,S1165,S1165,S1165,S1165,S1165,S1165,S1165,S1165,S1165,S1165,S1165,S1165
S414,S414,S414,S414,S414,S414,S414,S414,S414,S414,S414,S414,S414,S414,S414,S414,S414,S414,S414,S414,S414,S414,S414,S414,S414,S414,S414,S414,S414
S624,S624,S624,S624,S624,S624,S624,S624,S624,S624,S624,S624,S624,S624,S624,S624,S624,S624,S624,S624,S624,S624,S624,S624,S624,S624,S624,S624,S624
S724,S724,S724,S724,S724,S724,S724,S724,S724,S724,S724,S724,S724,S724,S724,S724,S724,S724,S724,S724,S724,S724,S724,S724,S724,S724,S724,S724,S724
S97,S97,S97,S97,S97,S97,S97,S97,S97,S97,S97,S97,S97,S97,S97,S97,S97,S97,S97,S97,S97,S97,S97,S97,S97,S97,S97,S97,S97
S1269,S1269,S1269,S1269,S1269,S1269,S1269,S1269,S1269,S1269,S1269,S1269,S1269,S1269,S1269,S1269,S1269,S1269,S1269,S1269,S1269,S1269,S1269,S1269,S1269,S1269,S1269,S1269,S1269
S1159,S1159,S1159,S1159,S1159,S1159,S1159,S1159,S1159,S1159,S1159,S1159,S1159,S1159,S1159,S1159,S1159,S1159,S1159,S1159,S1159,S1159,S1159,S1159,S1159,S1159,S1159,S1159,S1159
S1038,S1038,S1038,S1038,S1038,S1038,S1038,S1038,S1038,S1038,S1038,S1038,S1038,S1038,S1038,S1038,S1038,S1038,S1038,S1038,S1038,S1038,S1038,S1038,S1038,S1038,S1038,S1038,S1038
S660,S660,S660,S660,S660,S660,S660,S660,S660,S660,S660,S660,S660,S660,S660,S660,S660,S660,S660,S660,S660,S660,S660,S660,S660,S660,S660,S660,S660
S1049,S1049,S1049,S1049,S1049,S1049,S1049,S1049,S1049,S1049,S1049,S1049,S1049,S1049,S1049,S1049,S1049,S1049,S1049,S1049,S1049,S1049,S1049,S1049,S1049,S1049,S1049,S1049,S1049
S84,S84,S84,S84,S84,S84,S84,S84,S84,S84,S84,S84,S84,S84,S84,S84,S84,S84,S84,S84,S84,S84,S84,S84,S84,S84,S84,S84,S84
S150,S150,S150,S150,S150,S150,S150,S150,S150,S150,S150,S150,S150,S150,S150,S150,S150,S150,S150,S150,S150,S150,S150,S150,S150,S150,S150,S150,S150
S756,S756,S756,S756,S756,S756,S756,S756,S756,S756,S756,S756,S756,S756,S756,S756,S756,S756,S756,S756,S756,S756,S756,S756,S756,S756,S756,S756,S756
S458,S458,S458,S458,S458,S458,S458,S458,S458,S458,S458,S458,S458,S458,S458,S458,S458,S458,S458,S458,S458,S458,S458,S458,S458,S458,S458,S458,S458
S1311,S1311,S1311,S1311,S1311,S1311,S1311,S1311,S1311,S1311,S1311,S1311,S1311,S1311,S1311,S1311,S1311,S1311,S1311,S1311,S1311,S1311,S1311,S1311,S1311,S1311,S1311,S1311,S1311
S1057,S1057,S1057,S1057,S1057,S1057,S1057,S1057,S1057,S1057,S1057,S1057,S1057,S1057,S1057,S1057,S1057,S1057,S1057,S1057,S1057,S1057,S1057,S1057,S1057,S1057,S1057,S1057,S1057
S56,S56,S56,S56,S56,S56,S56,S56,S56,S56,S56,S56,S56,S56,S56,S56,S56,S56,S56,S56,S56,S56,S56,S56,S56,S56,S56,S56,S56
S92,S92,S92,S92,S92,S92,S92,S92,S92,S92,S92,S92,S92,S92,S92,S92,S92,S92,S92,S92,S92,S92,S92,S92,S92,S92,S92,S92,S92
S647,S647,S647,S647,S647,S647,S647,S647,S647,S647,S647,S647,S647,S647,S647,S647,S647,S647,S647,S647,S647,S647,S647,S647,S647,S647,S647,S647,S647
S292,S292,S292,S292,S292,S292,S292,S292,S292,S292,S292,S292,S292,S292,S292,S292,S292,S292,S292,S292,S292,S292,S292,S292,S292,S292,S292,S292,S292
S766,S766,S766,S766,S766,S766,S766,S766,S766,S766,S766,S766,S766,S766,S766,S766,S766,S766,S766,S766,S766,S766,S766,S766,S766,S766,S766,S766,S766
S1339,S1339,S1339,S1339,S1339,S1339,S1339,S1339,S1339,S1339,S1339,S1339,S1339,S1339,S1339,S1339,S1339,S1339,S1339,S1339,S1339,S1339,S1339,S1339,S1339,S1339,S1339,S1339,S1339
S1307,S1307,S1307,S1307,S1307,S1307,S1307,S1307,S1307,S1307,S1307,S1307,S1307,S1307,S1307,S1307,S1307,S1307,S1307,S1307,S1307,S1307,S1307,S1307,S1307,S1307,S1307,S1307,S1307
S744,S744,S744,S744,S744,S744,S744,S744,S744,S744,S744,S744,S744,S744,S744,S744,S744,S744,S744,S744,S744,S744,S744,S744,S744,S744,S744,S744,S744
S232,S232,S232,S232,S232,S232,S232,S232,S232,S232,S232,S232,S232,S232,S232,S232,S232,S232,S232,S232,S232,S232,S232,S232,S232,S232,S232,S232,S232
S323,S323,S323,S323,S323,S323,S323,S323,S323,S323,S323,S323,S323,S323,S323,S323,S323,S323,S323,S323,S323,S323,S323,S323,S323,S323,S323,S323,S323
S157,S157,S157,S157,S157,S157,S157,S157,S157,S157,S157,S157,S157,S157,S157,S157,S157,S157,S157,S157,S157,S157,S157,S157,S157,S157,S157,S157,S157
S58,S58,S58,S58,S58,S58,S58,S58,S58,S58,S58,S58,S58,S58,S58,S58,S58,S58,S58,S58,S58,S58,S58,S58,S58,S58,S58,S58,S58
S850,S850,S850,S850,S850,S850,S850,S850,S850,S850,S850,S850,S850,S850,S850,S850,S850,S850,S850,S850,S850,S850,S850,S850,S850,S850,S850,S850,S850
S1218,S1218,S1218,S1218,S1218,S1218,S1218,S1218,S1218,S1218,S1218,S1218,S1218,S1218,S1218,S1218,S1218,S1218,S1218,S1218,S1218,S1218,S1218,S1218,S1218,S1218,S1218,S1218,S1218
S882,S882,S882,S882,S882,S882,S882,S882,S882,S882,S882,S882,S882,S882,S882,S882,S882,S882,S882,S882,S882,S882,S882,S882,S882,S882,S882,S882,S882
S178,S178,S178,S178,S178,S178,S178,S178,S178,S178,S178,S178,S178,S178,S178,S178,S178,S178,S178,S178,S178,S178,S178,S178,S178,S178,S178,S178,S178
S737,S737,S737,S737,S737,S737,S737,S737,S737,S737,S737,S737,S737,S737,S737,S737,S737,S737,S737,S737,S737,S737,S737,S737,S737,S737,S737,S737,S737
S767,S767,S767,S767,S767,S767,S767,S767,S767,S767,S767,S767,S767,S767,S767,S767,S767,S767,S767,S767,S767,S767,S767,S767,S767,S767,S767,S767,S767
S1080,S1080,S1080,S1080,S1080,S1080,S1080,S1080,S1080,S1080,S1080,S1080,S1080,S1080,S1080,S1080,S1080,S1080,S1080,S1080,S1080,S1080,S1080,S1080,S1080,S1080,S1080,S1080,S1080
S62,S62,S62,S62,S62,S62,S62,S62,S62,S62,S62,S62,S62,S62,S62,S62,S62,S62,S62,S62,S62,S62,S62,S62,S62,S62,S62,S62,S62
S43,S43,S43,S43,S43,S43,S43,S43,S43,S43,S43,S43,S43,S43,S43,S43,S43,S43,S43,S43,S43,S43,S43,S43,S43,S43,S43,S43,S43
S1338,S1338,S1338,S1338,S1338,S1338,S1338,S1338,S1338,S1338,S1338,S1338,S1338,S1338,S1338,S1338,S1338,S1338,S1338,S1338,S1338,S1338,S1338,S1338,S1338,S1338,S1338,S1338,S1338
S279,S279,S279,S279,S279,S279,S279,S279,S279,S279,S279,S279,S279,S279,S279,S279,S279,S279,S279,S279,S279,S279,S279,S279,S279,S279,S279,S279,S279
S1243,S1243,S1243,S1243,S1243,S1243,S1243,S1243,S1243,S1243,S1243,S1243,S1243,S1243,S1243,S1243,S1243,S1243,S1243,S1243,S1243,S1243,S1243,S1243,S1243,S1243,S1243,S1243,S1243
S1129,S1129,S1129,S1129,S1129,S1129,S1129,S1129,S1129,S1129,S1129,S1129,S1129,S1129,S1129,S1129,S1129,S1129,S1129,S1129,S1129,S1129,S1129,S1129,S1129,S1129,S1129,S1129,S1129
S1289,S1289,S1289,S1289,S1289,S1289,S1289,S1289,S1289,S1289,S1289,S1289,S1289,S1289,S1289,S1289,S1289,S1289,S1289,S1289,S1289,S1289,S1289,S1289,S1289,S1289,S1289,S1289,S1289
S930,S930,S930,S930,S930,S930,S930,S930,S930,S930,S930,S930,S930,S930,S930,S930,S930,S930,S930,S930,S930,S930,S930,S930,S930,S930,S930,S930,S930
S340,S340,S340,S340,S340,S340,S340,S340,S340,S340,S340,S340,S340,S340,S340,S340,S340,S340,S340,S340,S340,S340,S340,S340,S340,S340,S340,S340,S340
S44,S44,S44,S44,S44,S44,S44,S44,S44,S44,S44,S44,S44,S44,S44,S44,S44,S44,S44,S44,S44,S44,S44,S44,S44,S44,S44,S44,S44
S921,S921,S921,S921,S921,S921,S921,S921,S921,S921,S921,S921,S921,S921,S921,S921,S921,S921,S921,S921,S921,S921,S921,S921,S921,S921,S921,S921,S921
S1039,S1039,S1039,S1039,S1039,S1039,S1039,S1039,S1039,S1039,S1039,S1039,S1039,S1039,S1039,S1039,S1039,S1039,S1039,S1039,S1039,S1039,S1039,S1039,S1039,S1039,S1039,S1039,S1039
S122,S122,S122,S122,S122,S122,S122,S122,S122,S122,S122,S122,S122,S122,S122,S122,S122,S122,S122,S122,S122,S122,S122,S122,S122,S122,S122,S122,S122
S673,S673,S673,S673,S673,S673,S673,S673,S673,S673,S673,S673,S673,S673,S673,S673,S673,S673,S673,S673,S673,S673,S673,S673,S673,S673,S673,S673,S673
S390,S390,S390,S390,S390,S390,S390,S390,S390,S390,S390,S390,S390,S390,S390,S390,S390,S390,S390,S390,S390,S390,S390,S390,S390,S390,S390,S390,S390
S202,S202,S202,S202,S202,S202,S202,S202,S202,S202,S202,S202,S202,S202,S202,S202,S202,S202,S202,S202,S202,S202,S202,S202,S202,S202,S202,S202,S202
S1346,S1346,S1346,S1346,S1346,S1346,S1346,S1346,S1346,S1346,S1346,S1346,S1346,S1346,S1346,S1346,S1346,S1346,S1346,S1346,S1346,S1346,S1346,S1346,S1346,S1346,S1346,S1346,S1346
S1285,S1285,S1285,S1285,S1285,S1285,S1285,S1285,S1285,S1285,S1285,S1285,S1285,S1285,S1285,S1285,S1285,S1285,S1285,S1285,S1285,S1285,S1285,S1285,S1285,S1285,S1285,S1285,S1285
S1142,S1142,S1142,S1142,S1142,S1142,S1142,S1142,S1142,S1142,S1142,S1142,S1142,S1142,S1142,S1142,S1142,S1142,S1142,S1142,S1142,S1142,S1142,S1142,S1142,S1142,S1142,S1142,S1142
S1325,S1325,S1325,S1325,S1325,S1325,S1325,S1325,S1325,S1325,S1325,S1325,S1325,S1325,S1325,S1325,S1325,S1325,S1325,S1325,S1325,S1325,S1325,S1325,S1325,S1325,S1325,S1325,S1325
S644,S644,S644,S644,S644,S644,S644,S644,S644,S644,S644,S644,S644,S644,S644,S644,S644,S644,S644,S644,S644,S644,S644,S644,S644,S644,S644,S644,S644
S982,S982,S982,S982,S982,S982,S982,S982,S982,S982,S982,S982,S982,S982,S982,S982,S982,S982,S982,S982,S982,S982,S982,S982,S982,S982,S982,S982,S982
S1287,S1287,S1287,S1287,S1287,S1287,S1287,S1287,S1287,S1287,S1287,S1287,S1287,S1287,S1287,S1287,S1287,S1287,S1287,S1287,S1287,S1287,S1287,S1287,S1287,S1287,S1287,S1287,S1287
S924,S924,S924,S924,S924,S924,S924,S924,S924,S924,S924,S924,S924,S924,S924,S924,S924,S924,S924,S924,S924,S924,S924,S924,S924,S924,S924,S924,S924
S1251,S1251,S1251,S1251,S1251,S1251,S1251,S1251,S1251,S1251,S1251,S1251,S1251,S1251,S1251,S1251,S1251,S1251,S1251,S1251,S1251,S1251,S1251,S1251,S1251,S1251,S1251,S1251,S1251
S1152,S1152,S1152,S1152,S1152,S1152,S1152,S1152,S1152,S1152,S1152,S1152,S1152,S1152,S1152,S1152,S1152,S1152,S1152,S1152,S1152,S1152,S1152,S1152,S1152,S1152,S1152,S1152,S1152
S739,S739,S739,S739,S739,S739,S739,S739,S739,S739,S739,S739,S739,S739,S739,S739,S739,S739,S739,S739,S739,S739,S739,S739,S739,S739,S739,S739,S739
S416,S416,S416,S416,S416,S416,S416,S416,S416,S416,S416,S416,S416,S416,S416,S416,S416,S416,S416,S416,S416,S416,S416,S416,S416,S416,S416,S416,S416
S1283,S1283,S1283,S1283,S1283,S1283,S1283,S1283,S1283,S1283,S1283,S1283,S1283,S1283,S1283,S1283,S1283,S1283,S1283,S1283,S1283,S1283,S1283,S1283,S1283,S1283,S1283,S1283,S1283
S1258,S1258,S1258,S1258,S1258,S1258,S1258,S1258,S1258,S1258,S1258,S1258,S1258,S1258,S1258,S1258,S1258,S1258,S1258,S1258,S1258,S1258,S1258,S1258,S1258,S1258,S1258,S1258,S1258
S1077,S1077,S1077,S1077,S1077,S1077,S1077,S1077,S1077,S1077,S1077,S1077,S1077,S1077,S1077,S1077,S1077,S1077,S1077,S1077,S1077,S1077,S1077,S1077,S1077,S1077,S1077,S1077,S1077
S1064,S1064,S1064,S1064,S1064,S1064,S1064,S1064,S1064,S1064,S1064,S1064,S1064,S1064,S1064,S1064,S1064,S1064,S1064,S1064,S1064,S1064,S1064,S1064,S1064,S1064,S1064,S1064,S1064
S576,S576,S576,S576,S576,S576,S576,S576,S576,S576,S576,S576,S576,S576,S576,S576,S576,S576,S576,S576,S576,S576,S576,S576,S576,S576,S576,S576,S576
S1036,S1036,S1036,S1036,S1036,S1036,S1036,S1036,S1036,S1036,S1036,S1036,S1036,S1036,S1036,S1036,S1036,S1036,S1036,S1036,S1036,S1036,S1036,S1036,S1036,S1036,S1036,S1036,S1036
S959,S959,S959,S959,S959,S959,S959,S959,S959,S959,S959,S959,S959,S959,S959,S959,S959,S959,S959,S959,S959,S959,S959,S959,S959,S959,S959,S959,S959
S90,S90,S90,S90,S90,S90,S90,S90,S90,S90,S90,S90,S90,S90,S90,S90,S90,S90,S90,S90,S90,S90,S90,S90,S90,S90,S90,S90,S90
S392,S392,S392,S392,S392,S392,S392,S392,S392,S392,S392,S392,S392,S392,S392,S392,S392,S392,S392,S392,S392,S392,S392,S392,S392,S392,S392,S392,S392
S1104,S1104,S1104,S1104,S1104,S1104,S1104,S1104,S1104,S1104,S1104,S1104,S1104,S1104,S1104,S1104,S1104,S1104,S1104,S1104,S1104,S1104,S1104,S1104,S1104,S1104,S1104,S1104,S1104
S73,S73,S73,S73,S73,S73,S73,S73,S73,S73,S73,S73,S73,S73,S73,S73,S73,S73,S73,S73,S73,S73,S73,S73,S73,S73,S73,S73,S73
S1360,S1360,S1360,S1360,S1360,S1360,S1360,S1360,S1360,S1360,S1360,S1360,S1360,S1360,S1360,S1360,S1360,S1360,S1360,S1360,S1360,S1360,S1360,S1360,S1360,S1360,S1360,S1360,S1360
S488,S488,S488,S488,S488,S488,S488,S488,S488,S488,S488,S488,S488,S488,S488,S488,S488,S488,S488,S488,S488,S488,S488,S488,S488,S488,S488,S488,S488
S909,S909,S909,S909,S909,S909,S909,S909,S909,S909,S909,S909,S909,S909,S909,S909,S909,S909,S909,S909,S909,S909,S909,S909,S909,S909,S909,S909,S909
S880,S880,S880,S880,S880,S880,S880,S880,S880,S880,S880,S880,S880,S880,S880,S880,S880,S880,S880,S880,S880,S880,S880,S880,S880,S880,S880,S880,S880
S546,S546,S546,S546,S546,S546,S546,S546,S546,S546,S546,S546,S546,S546,S546,S546,S546,S546,S546,S546,S546,S546,S546,S546,S546,S546,S546,S546,S546
S1188,S1188,S1188,S1188,S1188,S1188,S1188,S1188,S1188,S1188,S1188,S1188,S1188,S1188,S1188,S1188,S1188,S1188,S1188,S1188,S1188,S1188,S1188,S1188,S1188,S1188,S1188,S1188,S1188
S470,S470,S470,S470,S470,S470,S470,S470,S470,S470,S470,S470,S470,S470,S470,S470,S470,S470,S470,S470,S470,S470,S470,S470,S470,S470,S470,S470,S470
S967,S967,S967,S967,S967,S967,S967,S967,S967,S967,S967,S967,S967,S967,S967,S967,S967,S967,S967,S967,S967,S967,S967,S967,S967,S967,S967,S967,S967
S1274,S1274,S1274,S1274,S1274,S1274,S1274,S1274,S1274,S1274,S1274,S1274,S1274,S1274,S1274,S1274,S1274,S1274,S1274,S1274,S1274,S1274,S1274,S1274,S1274,S1274,S1274,S1274,S1274
S1291,S1291,S1291,S1291,S1291,S1291,S1291,S1291,S1291,S1291,S1291,S1291,S1291,S1291,S1291,S1291,S1291,S1291,S1291,S1291,S1291,S1291,S1291,S1291,S1291,S1291,S1291,S1291,S1291
S268,S268,S268,S268,S268,S268,S268,S268,S268,S268,S268,S268,S268,S268,S268,S268,S268,S268,S268,S268,S268,S268,S268,S268,S268,S268,S268,S268,S268
S222,S222,S222,S222,S222,S222,S222,S222,S222,S222,S222,S222,S222,S222,S222,S222,S222,S222,S222,S222,S222,S222,S222,S222,S222,S222,S222,S222,S222
S901,S901,S901,S901,S901,S901,S901,S901,S901,S901,S901,S901,S901,S901,S901,S901,S901,S901,S901,S901,S901,S901,S901,S901,S901,S901,S901,S901,S901
S889,S889,S889,S889,S889,S889,S889,S889,S889,S889,S889,S889,S889,S889,S889,S889,S889,S889,S889,S889,S889,S889,S889,S889,S889,S889,S889,S889,S889
S431,S431,S431,S431,S431,S431,S431,S431,S431,S431,S431,S431,S431,S431,S431,S431,S431,S431,S431,S431,S431,S431,S431,S431,S431,S431,S431,S431,S431
S1353,S1353,S1353,S1353,S1353,S1353,S1353,S1353,S1353,S1353,S1353,S1353,S1353,S1353,S1353,S1353,S1353,S1353,S1353,S1353,S1353,S1353,S1353,S1353,S1353,S1353,S1353,S1353,S1353
S5,S5,S5,S5,S5,S5,S5,S5,S5,S5,S5,S5,S5,S5,S5,S5,S5,S5,S5,S5,S5,S5,S5,S5,S5,S5,S5,S5,S5
S1247,S1247,S1247,S1247,S1247,S1247,S1247,S1247,S1247,S1247,S1247,S1247,S1247,S1247,S1247,S1247,S1247,S1247,S1247,S1247,S1247,S1247,S1247,S1247,S1247,S1247,S1247,S1247,S1247
S277,S277,S277,S277,S277,S277,S277,S277,S277,S277,S277,S277,S277,S277,S277,S277,S277,S277,S277,S277,S277,S277,S277,S277,S277,S277,S277,S277,S277
S1098,S1098,S1098,S1098,S1098,S1098,S1098,S1098,S1098,S1098,S1098,S1098,S1098,S1098,S1098,S1098,S1098,S1098,S1098,S1098,S1098,S1098,S1098,S1098,S1098,S1098,S1098,S1098,S1098
S1206,S1206,S1206,S1206,S1206,S1206,S1206,S1206,S1206,S1206,S1206,S1206,S1206,S1206,S1206,S1206,S1206,S1206,S1206,S1206,S1206,S1206,S1206,S1206,S1206,S1206,S1206,S1206,S1206
S260,S260,S260,S260,S260,S260,S260,S260,S260,S260,S260,S260,S260,S260,S260,S260,S260,S260,S260,S260,S260,S260,S260,S260,S260,S260,S260,S260,S260
S39,S39,S39,S39,S39,S39,S39,S39,S39,S39,S39,S39,S39,S39,S39,S39,S39,S39,S39,S39,S39,S39,S39,S39,S39,S39,S39,S39,S39
S1208,S1208,S1208,S1208,S1208,S1208,S1208,S1208,S1208,S1208,S1208,S1208,S1208,S1208,S1208,S1208,S1208,S1208,S1208,S1208,S1208,S1208,S1208,S1208,S1208,S1208,S1208,S1208,S1208
S396,S396,S396,S396,S396,S396,S396,S396,S396,S396,S396,S396,S396,S396,S396,S396,S396,S396,S396,S396,S396,S396,S396,S396,S396,S396,S396,S396,S396
S14,S14,S14,S14,S14,S14,S14,S14,S14,S14,S14,S14,S14,S14,S14,S14,S14,S14,S14,S14,S14,S14,S14,S14,S14,S14,S14,S14,S14
S314,S314,S314,S314,S314,S314,S314,S314,S314,S314,S314,S314,S314,S314,S314,S314,S314,S314,S314,S314,S314,S314,S314,S314,S314,S314,S314,S314,S314
S1261,S1261,S1261,S1261,S1261,S1261,S1261,S1261,S1261,S1261,S1261,S1261,S1261,S1261,S1261,S1261,S1261,S1261,S1261,S1261,S1261,S1261,S1261,S1261,S1261,S1261,S1261,S1261,S1261
S993,S993,S993,S993,S993,S993,S993,S993,S993,S993,S993,S993,S993,S993,S993,S993,S993,S993,S993,S993,S993,S993,S993,S993,S993,S993,S993,S993,S993
S1372,S1372,S1372,S1372,S1372,S1372,S1372,S1372,S1372,S1372,S1372,S1372,S1372,S1372,S1372,S1372,S1372,S1372,S1372,S1372,S1372,S1372,S1372,S1372,S1372,S1372,S1372,S1372,S1372
S540,S540,S540,S540,S540,S540,S540,S540,S540,S540,S540,S540,S540,S540,S540,S540,S540,S540,S540,S540,S540,S540,S540,S540,S540,S540,S540,S540,S540
S715,S715,S715,S715,S715,S715,S715,S715,S715,S715,S715,S715,S715,S715,S715,S715,S715,S715,S715,S715,S715,S715,S715,S715,S715,S715,S715,S715,S715
S1276,S1276,S1276,S1276,S1276,S1276,S1276,S1276,S1276,S1276,S1276,S1276,S1276,S1276,S1276,S1276,S1276,S1276,S1276,S1276,S1276,S1276,S1276,S1276,S1276,S1276,S1276,S1276,S1276
S412,S412,S412,S412,S412,S412,S412,S412,S412,S412,S412,S412,S412,S412,S412,S412,S412,S412,S412,S412,S412,S412,S412,S412,S412,S412,S412,S412,S412
S397,S397,S397,S397,S397,S397,S397,S397,S397,S397,S397,S397,S397,S397,S397,S397,S397,S397,S397,S397,S397,S397,S397,S397,S397,S397,S397,S397,S397
S385,S385,S385,S385,S385,S385,S385,S385,S385,S385,S385,S385,S385,S385,S385,S385,S385,S385,S385,S385,S385,S385,S385,S385,S385,S385,S385,S385,S385
S892,S892,S892,S892,S892,S892,S892,S892,S892,S892,S892,S892,S892,S892,S892,S892,S892,S892,S892,S892,S892,S892,S892,S892,S892,S892,S892,S892,S892
S651,S651,S651,S651,S651,S651,S651,S651,S651,S651,S651,S651,S651,S651,S651,S651,S651,S651,S651,S651,S651,S651,S651,S651,S651,S651,S651,S651,S651
S335,S335,S335,S335,S335,S335,S335,S335,S335,S335,S335,S335,S335,S335,S335,S335,S335,S335,S335,S335,S335,S335,S335,S335,S335,S335,S335,S335,S335
S796,S796,S796,S796,S796,S796,S796,S796,S796,S796,S796,S796,S796,S796,S796,S796,S796,S796,S796,S796,S796,S796,S796,S796,S796,S796,S796,S796,S796
S206,S206,S206,S206,S206,S206,S206,S206,S206,S206,S206,S206,S206,S206,S206,S206,S206,S206,S206,S206,S206,S206,S206,S206,S206,S206,S206,S206,S206
S1341,S1341,S1341,S1341,S1341,S1341,S1341,S1341,S1341,S1341,S1341,S1341,S1341,S1341,S1341,S1341,S1341,S1341,S1341,S1341,S1341,S1341,S1341,S1341,S1341,S1341,S1341,S1341,S1341
S931,S931,S931,S931,S931,S931,S931,S931,S931,S931,S931,S931,S931,S931,S931,S931,S931,S931,S931,S931,S931,S931,S931,S931,S931,S931,S931,S931,S931
S425,S425,S425,S425,S425,S425,S425,S425,S425,S425,S425,S425,S425,S425,S425,S425,S425,S425,S425,S425,S425,S425,S425,S425,S425,S425,S425,S425,S425
S339,S339,S339,S339,S339,S339,S339,S339,S339,S339,S339,S339,S339,S339,S339,S339,S339,S339,S339,S339,S339,S339,S339,S339,S339,S339,S339,S339,S339
S173,S173,S173,S173,S173,S173,S173,S173,S173,S173,S173,S173,S173,S173,S173,S173,S173,S173,S173,S173,S173,S173,S173,S173,S173,S173,S173,S173,S173
S947,S947,S947,S947,S947,S947,S947,S947,S947,S947,S947,S947,S947,S947,S947,S947,S947,S947,S947,S947,S947,S947,S947,S947,S947,S947,S947,S947,S947
S800,S800,S800,S800,S800,S800,S800,S800,S800,S800,S800,S800,S800,S800,S800,S800,S800,S800,S800,S800,S800,S800,S800,S800,S800,S800,S800,S800,S800
S210,S210,S210,S210,S210,S210,S210,S210,S210,S210,S210,S210,S210,S210,S210,S210,S210,S210,S210,S210,S210,S210,S210,S210,S210,S210,S210,S210,S210
S542,S542,S542,S542,S542,S542,S542,S542,S542,S542,S542,S542,S542,S542,S542,S542,S542,S542,S542,S542,S542,S542,S542,S542,S542,S542,S542,S542,S542
S655,S655,S655,S655,S655,S655,S655,S655,S655,S655,S655,S655,S655,S655,S655,S655,S655,S655,S655,S655,S655,S655,S655,S655,S655,S655,S655,S655,S655
S1374,S1374,S1374,S1374,S1374,S1374,S1374,S1374,S1374,S1374,S1374,S1374,S1374,S1374,S1374,S1374,S1374,S1374,S1374,S1374,S1374,S1374,S1374,S1374,S1374,S1374,S1374,S1374,S1374
S497,S497,S497,S497,S497,S497,S497,S497,S497,S497,S497,S497,S497,S497,S497,S497,S497,S497,S497,S497,S497,S497,S497,S497,S497,S497,S497,S497,S497
S1100,S1100,S1100,S1100,S1100,S1100,S1100,S1100,S1100,S1100,S1100,S1100,S1100,S1100,S1100,S1100,S1100,S1100,S1100,S1100,S1100,S1100,S1100,S1100,S1100,S1100,S1100,S1100,S1100
S588,S588,S588,S588,S588,S588,S588,S588,S588,S588,S588,S588,S588,S588,S588,S588,S588,S588,S588,S588,S588,S588,S588,S588,S588,S588,S588,S588,S588
S783,S783,S783,S783,S783,S783,S783,S783,S783,S783,S783,S783,S783,S783,S783,S783,S783,S783,S783,S783,S783,S783,S783,S783,S783,S783,S783,S783,S783
S195,S195,S195,S195,S195,S195,S195,S195,S195,S195,S195,S195,S195,S195,S195,S195,S195,S195,S195,S195,S195,S195,S195,S195,S195,S195,S195,S195,S195
S1272,S1272,S1272,S1272,S1272,S1272,S1272,S1272,S1272,S1272,S1272,S1272,S1272,S1272,S1272,S1272,S1272,S1272,S1272,S1272,S1272,S1272,S1272,S1272,S1272,S1272,S1272,S1272,S1272
S208,S208,S208,S208,S208,S208,S208,S208,S208,S208,S208,S208,S208,S208,S208,S208,S208,S208,S208,S208,S208,S208,S208,S208,S208,S208,S208,S208,S208
S1363,S1363,S1363,S1363,S1363,S1363,S1363,S1363,S1363,S1363,S1363,S1363,S1363,S1363,S1363,S1363,S1363,S1363,S1363,S1363,S1363,S1363,S1363,S1363,S1363,S1363,S1363,S1363,S1363
S869,S869,S869,S869,S869,S869,S869,S869,S869,S869,S869,S869,S869,S869,S869,S869,S869,S869,S869,S869,S869,S869,S869,S869,S869,S869,S869,S869,S869
S709,S709,S709,S709,S709,S709,S709,S709,S709,S709,S709,S709,S709,S709,S709,S709,S709,S709,S709,S709,S709,S709,S709,S709,S709,S709,S709,S709,S709
S462,S462,S462,S462,S462,S462,S462,S462,S462,S462,S462,S462,S462,S462,S462,S462,S462,S462,S462,S462,S462,S462,S462,S462,S462,S462,S462,S462,S462
S517,S517,S517,S517,S517,S517,S517,S517,S517,S517,S517,S517,S517,S517,S517,S517,S517,S517,S517,S517,S517,S517,S517,S517,S517,S517,S517,S517,S517
S12,S12,S12,S12,S12,S12,S12,S12,S12,S12,S12,S12,S12,S12,S12,S12,S12,S12,S12,S12,S12,S12,S12,S12,S12,S12,S12,S12,S12
S297,S297,S297,S297,S297,S297,S297,S297,S297,S297,S297,S297,S297,S297,S297,S297,S297,S297,S297,S297,S297,S297,S297,S297,S297,S297,S297,S297,S297
S836,S836,S836,S836,S836,S836,S836,S836,S836,S836,S836,S836,S836,S836,S836,S836,S836,S836,S836,S836,S836,S836,S836,S836,S836,S836,S836,S836,S836
S1240,S1240,S1240,S1240,S1240,S1240,S1240,S1240,S1240,S1240,S1240,S1240,S1240,S1240,S1240,S1240,S1240,S1240,S1240,S1240,S1240,S1240,S1240,S1240,S1240,S1240,S1240,S1240,S1240
S530,S530,S530,S530,S530,S530,S530,S530,S530,S530,S530,S530,S530,S530,S530,S530,S530,S530,S530,S530,S530,S530,S530,S530,S530,S530,S530,S530,S530
S1030,S1030,S1030,S1030,S1030,S1030,S1030,S1030,S1030,S1030,S1030,S1030,S1030,S1030,S1030,S1030,S1030,S1030,S1030,S1030,S1030,S1030,S1030,S1030,S1030,S1030,S1030,S1030,S1030
S1,S1,S1,S1,S1,S1,S1,S1,S1,S1,S1,S1,S1,S1,S1,S1,S1,S1,S1,S1,S1,S1,S1,S1,S1,S1,S1,S1,S1
S772,S772,S772,S772,S772,S772,S772,S772,S772,S772,S772,S772,S772,S772,S772,S772,S772,S772,S772,S772,S772,S772,S772,S772,S772,S772,S772,S772,S772
S1130,S1130,S1130,S1130,S1130,S1130,S1130,S1130,S1130,S1130,S1130,S1130,S1130,S1130,S1130,S1130,S1130,S1130,S1130,S1130,S1130,S1130,S1130,S1130,S1130,S1130,S1130,S1130,S1130
S321,S321,S321,S321,S321,S321,S321,S321,S321,S321,S321,S321,S321,S321,S321,S321,S321,S321,S321,S321,S321,S321,S321,S321,S321,S321,S321,S321,S321
S1267,S1267,S1267,S1267,S1267,S1267,S1267,S1267,S1267,S1267,S1267,S1267,S1267,S1267,S1267,S1267,S1267,S1267,S1267,S1267,S1267,S1267,S1267,S1267,S1267,S1267,S1267,S1267,S1267
S13,S13,S13,S13,S13,S13,S13,S13,S13,S13,S13,S13,S13,S13,S13,S13,S13,S13,S13,S13,S13,S13,S13,S13,S13,S13,S13,S13,S13
S155,S155,S155,S155,S155,S155,S155,S155,S155,S155,S155,S155,S155,S155,S155,S155,S155,S155,S155,S155,S155,S155,S155,S155,S155,S155,S155,S155,S155
S83,S83,S83,S83,S83,S83,S83,S83,S83,S83,S83,S83,S83,S83,S83,S83,S83,S83,S83,S83,S83,S83,S83,S83,S83,S83,S83,S83,S83
S450,S450,S450,S450,S450,S450,S450,S450,S450,S450,S450,S450,S450,S450,S450,S450,S450,S450,S450,S450,S450,S450,S450,S450,S450,S450,S450,S450,S450
S146,S146,S146,S146,S146,S146,S146,S146,S146,S146,S146,S146,S146,S146,S146,S146,S146,S146,S146,S146,S146,S146,S146,S146,S146,S146,S146,S146,S146
S1281,S1281,S1281,S1281,S1281,S1281,S1281,S1281,S1281,S1281,S1281,S1281,S1281,S1281,S1281,S1281,S1281,S1281,S1281,S1281,S1281,S1281,S1281,S1281,S1281,S1281,S1281,S1281,S1281
S997,S997,S997,S997,S997,S997,S997,S997,S997,S997,S997,S997,S997,S997,S997,S997,S997,S997,S997,S997,S997,S997,S997,S997,S997,S997,S997,S997,S997
S77,S77,S77,S77,S77,S77,S77,S77,S77,S77,S77,S77,S77,S77,S77,S77,S77,S77,S77,S77,S77,S77,S77,S77,S77,S77,S77,S77,S77
S398,S398,S398,S398,S398,S398,S398,S398,S398,S398,S398,S398,S398,S398,S398,S398,S398,S398,S398,S398,S398,S398,S398,S398,S398,S398,S398,S398,S398
S853,S853,S853,S853,S853,S853,S853,S853,S853,S853,S853,S853,S853,S853,S853,S853,S853,S853,S853,S853,S853,S853,S853,S853,S853,S853,S853,S853,S853
S1312,S1312,S1312,S1312,S1312,S1312,S1312,S1312,S1312,S1312,S1312,S1312,S1312,S1312,S1312,S1312,S1312,S1312,S1312,S1312,S1312,S1312,S1312,S1312,S1312,S1312,S1312,S1312,S1312
S46,S46,S46,S46,S46,S46,S46,S46,S46,S46,S46,S46,S46,S46,S46,S46,S46,S46,S46,S46,S46,S46,S46,S46,S46,S46,S46,S46,S46
S989,S989,S989,S989,S989,S989,S989,S989,S989,S989,S989,S989,S989,S989,S989,S989,S989,S989,S989,S989,S989,S989,S989,S989,S989,S989,S989,S989,S989
S229,S229,S229,S229,S229,S229,S229,S229,S229,S229,S229,S229,S229,S229,S229,S229,S229,S229,S229,S229,S229,S229,S229,S229,S229,S229,S229,S229,S229
S15,S15,S15,S15,S15,S15,S15,S15,S15,S15,S15,S15,S15,S15,S15,S15,S15,S15,S15,S15,S15,S15,S15,S15,S15,S15,S15,S15,S15
S296,S296,S296,S296,S296,S296,S296,S296,S296,S296,S296,S296,S296,S296,S296,S296,S296,S296,S296,S296,S296,S296,S296,S296,S296,S296,S296,S296,S296
S165,S165,S165,S165,S165,S165,S165,S165,S165,S165,S165,S165,S165,S165,S165,S165,S165,S165,S165,S165,S165,S165,S165,S165,S165,S165,S165,S165,S165
S732,S732,S732,S732,S732,S732,S732,S732,S732,S732,S732,S732,S732,S732,S732,S732,S732,S732,S732,S732,S732,S732,S732,S732,S732,S732,S732,S732,S732
S900,S900,S900,S900,S900,S900,S900,S900,S900,S900,S900,S900,S900,S900,S900,S900,S900,S900,S900,S900,S900,S900,S900,S900,S900,S900,S900,S900,S900
S661,S661,S661,S661,S661,S661,S661,S661,S661,S661,S661,S661,S661,S661,S661,S661,S661,S661,S661,S661,S661,S661,S661,S661,S661,S661,S661,S661,S661
S200,S200,S200,S200,S200,S200,S200,S200,S200,S200,S200,S200,S200,S200,S200,S200,S200,S200,S200,S200,S200,S200,S200,S200,S200,S200,S200,S200,S200
S130,S130,S130,S130,S130,S130,S130,S130,S130,S130,S130,S130,S130,S130,S130,S130,S130,S130,S130,S130,S130,S130,S130,S130,S130,S130,S130,S130,S130
S1292,S1292,S1292,S1292,S1292,S1292,S1292,S1292,S1292,S1292,S1292,S1292,S1292,S1292,S1292,S1292,S1292,S1292,S1292,S1292,S1292,S1292,S1292,S1292,S1292,S1292,S1292,S1292,S1292
S139,S139,S139,S139,S139,S139,S139,S139,S139,S139,S139,S139,S139,S139,S139,S139,S139,S139,S139,S139,S139,S139,S139,S139,S139,S139,S139,S139,S139
S1239,S1239,S1239,S1239,S1239,S1239,S1239,S1239,S1239,S1239,S1239,S1239,S1239,S1239,S1239,S1239,S1239,S1239,S1239,S1239,S1239,S1239,S1239,S1239,S1239,S1239,S1239,S1239,S1239
S183,S183,S183,S183,S183,S183,S183,S183,S183,S183,S183,S183,S183,S183,S183,S183,S183,S183,S183,S183,S183,S183,S183,S183,S183,S183,S183,S183,S183
S638,S638,S638,S638,S638,S638,S638,S638,S638,S638,S638,S638,S638,S638,S638,S638,S638,S638,S638,S638,S638,S638,S638,S638,S638,S638,S638,S638,S638
S731,S731,S731,S731,S731,S731,S731,S731,S731,S731,S731,S731,S731,S731,S731,S731,S731,S731,S731,S731,S731,S731,S731,S731,S731,S731,S731,S731,S731
S941,S941,S941,S941,S941,S941,S941,S941,S941,S941,S941,S941,S941,S941,S941,S941,S941,S941,S941,S941,S941,S941,S941,S941,S941,S941,S941,S941,S941
S769,S769,S769,S769,S769,S769,S769,S769,S769,S769,S769,S769,S769,S769,S769,S769,S769,S769,S769,S769,S769,S769,S769,S769,S769,S769,S769,S769,S769
S223,S223,S223,S223,S223,S223,S223,S223,S223,S223,S223,S223,S223,S223,S223,S223,S223,S223,S223,S223,S223,S223,S223,S223,S223,S223,S223,S223,S223
S914,S914,S914,S914,S914,S914,S914,S914,S914,S914,S914,S914,S914,S914,S914,S914,S914,S914,S914,S914,S914,S914,S914,S914,S914,S914,S914,S914,S914
S988,S988,S988,S988,S988,S988,S988,S988,S988,S988,S988,S988,S988,S988,S988,S988,S988,S988,S988,S988,S988,S988,S988,S988,S988,S988,S988,S988,S988
S1340,S1340,S1340,S1340,S1340,S1340,S1340,S1340,S1340,S1340,S1340,S1340,S1340,S1340,S1340,S1340,S1340,S1340,S1340,S1340,S1340,S1340,S1340,S1340,S1340,S1340,S1340,S1340,S1340
S1242,S1242,S1242,S1242,S1242,S1242,S1242,S1242,S1242,S1242,S1242,S1242,S1242,S1242,S1242,S1242,S1242,S1242,S1242,S1242,S1242,S1242,S1242,S1242,S1242,S1242,S1242,S1242,S1242
S815,S815,S815,S815,S815,S815,S815,S815,S815,S815,S815,S815,S815,S815,S815,S815,S815,S815,S815,S815,S815,S815,S815,S815,S815,S815,S815,S815,S815
S659,S659,S659,S659,S659,S659,S659,S659,S659,S659,S659,S659,S659,S659,S659,S659,S659,S659,S659,S659,S659,S659,S659,S659,S659,S659,S659,S659,S659
S403,S403,S403,S403,S403,S403,S403,S403,S403,S403,S403,S403,S403,S403,S403,S403,S403,S403,S403,S403,S403,S403,S403,S403,S403,S403,S403,S403,S403
S1211,S1211,S1211,S1211,S1211,S1211,S1211,S1211,S1211,S1211,S1211,S1211,S1211,S1211,S1211,S1211,S1211,S1211,S1211,S1211,S1211,S1211,S1211,S1211,S1211,S1211,S1211,S1211,S1211
S1034,S1034,S1034,S1034,S1034,S1034,S1034,S1034,S1034,S1034,S1034,S1034,S1034,S1034,S1034,S1034,S1034,S1034,S1034,S1034,S1034,S1034,S1034,S1034,S1034,S1034,S1034,S1034,S1034
S241,S241,S241,S241,S241,S241,S241,S241,S241,S241,S241,S241,S241,S241,S241,S241,S241,S241,S241,S241,S241,S241,S241,S241,S241,S241,S241,S241,S241
S524,S524,S524,S524,S524,S524,S524,S524,S524,S524,S524,S524,S524,S524,S524,S524,S524,S524,S524,S524,S524,S524,S524,S524,S524,S524,S524,S524,S524
S605,S605,S605,S605,S605,S605,S605,S605,S605,S605,S605,S605,S605,S605,S605,S605,S605,S605,S605,S605,S605,S605,S605,S605,S605,S605,S605,S605,S605
S852,S852,S852,S852,S852,S852,S852,S852,S852,S852,S852,S852,S852,S852,S852,S852,S852,S852,S852,S852,S852,S852,S852,S852,S852,S852,S852,S852,S852
S634,S634,S634,S634,S634,S634,S634,S634,S634,S634,S634,S634,S634,S634,S634,S634,S634,S634,S634,S634,S634,S634,S634,S634,S634,S634,S634,S634,S634
S831,S831,S831,S831,S831,S831,S831,S831,S831,S831,S831,S831,S831,S831,S831,S831,S831,S831,S831,S831,S831,S831,S831,S831,S831,S831,S831,S831,S831
S117,S117,S117,S117,S117,S117,S117,S117,S117,S117,S117,S117,S117,S117,S117,S117,S117,S117,S117,S117,S117,S117,S117,S117,S117,S117,S117,S117,S117
S691,S691,S691,S691,S691,S691,S691,S691,S691,S691,S691,S691,S691,S691,S691,S691,S691,S691,S691,S691,S691,S691,S691,S691,S691,S691,S691,S691,S691
S420,S420,S420,S420,S420,S420,S420,S420,S420,S420,S420,S420,S420,S420,S420,S420,S420,S420,S420,S420,S420,S420,S420,S420,S420,S420,S420,S420,S420
S1324,S1324,S1324,S1324,S1324,S1324,S1324,S1324,S1324,S1324,S1324,S1324,S1324,S1324,S1324,S1324,S1324,S1324,S1324,S1324,S1324,S1324,S1324,S1324,S1324,S1324,S1324,S1324,S1324
S338,S338,S338,S338,S338,S338,S338,S338,S338,S338,S338,S338,S338,S338,S338,S338,S338,S338,S338,S338,S338,S338,S338,S338,S338,S338,S338,S338,S338
S926,S926,S926,S926,S926,S926,S926,S926,S926,S926,S926,S926,S926,S926,S926,S926,S926,S926,S926,S926,S926,S926,S926,S926,S926,S926,S926,S926,S926
S535,S535,S535,S535,S535,S535,S535,S535,S535,S535,S535,S535,S535,S535,S535,S535,S535,S535,S535,S535,S535,S535,S535,S535,S535,S535,S535,S535,S535
S922,S922,S922,S922,S922,S922,S922,S922,S922,S922,S922,S922,S922,S922,S922,S922,S922,S922,S922,S922,S922,S922,S922,S922,S922,S922,S922,S922,S922
S1027,S1027,S1027,S1027,S1027,S1027,S1027,S1027,S1027,S1027,S1027,S1027,S1027,S1027,S1027,S1027,S1027,S1027,S1027,S1027,S1027,S1027,S1027,S1027,S1027,S1027,S1027,S1027,S1027
S835,S835,S835,S835,S835,S835,S835,S835,S835,S835,S835,S835,S835,S835,S835,S835,S835,S835,S835,S835,S835,S835,S835,S835,S835,S835,S835,S835,S835
S851,S851,S851,S851,S851,S851,S851,S851,S851,S851,S851,S851,S851,S851,S851,S851,S851,S851,S851,S851,S851,S851,S851,S851,S851,S851,S851,S851,S851
S237,S237,S237,S237,S237,S237,S237,S237,S237,S237,S237,S237,S237,S237,S237,S237,S237,S237,S237,S237,S237,S237,S237,S237,S237,S237,S237,S237,S237
S881,S881,S881,S881,S881,S881,S881,S881,S881,S881,S881,S881,S881,S881,S881,S881,S881,S881,S881,S881,S881,S881,S881,S881,S881,S881,S881,S881,S881
S456,S456,S456,S456,S456,S456,S456,S456,S456,S456,S456,S456,S456,S456,S456,S456,S456,S456,S456,S456,S456,S456,S456,S456,S456,S456,S456,S456,S456
S250,S250,S250,S250,S250,S250,S250,S250,S250,S250,S250,S250,S250,S250,S250,S250,S250,S250,S250,S250,S250,S250,S250,S250,S250,S250,S250,S250,S250
S108,S108,S108,S108,S108,S108,S108,S108,S108,S108,S108,S108,S108,S108,S108,S108,S108,S108,S108,S108,S108,S108,S108,S108,S108,S108,S108,S108,S108
S1260,S1260,S1260,S1260,S1260,S1260,S1260,S1260,S1260,S1260,S1260,S1260,S1260,S1260,S1260,S1260,S1260,S1260,S1260,S1260,S1260,S1260,S1260,S1260,S1260,S1260,S1260,S1260,S1260
S791,S791,S791,S791,S791,S791,S791,S791,S791,S791,S791,S791,S791,S791,S791,S791,S791,S791,S791,S791,S791,S791,S791,S791,S791,S791,S791,S791,S791
S1217,S1217,S1217,S1217,S1217,S1217,S1217,S1217,S1217,S1217,S1217,S1217,S1217,S1217,S1217,S1217,S1217,S1217,S1217,S1217,S1217,S1217,S1217,S1217,S1217,S1217,S1217,S1217,S1217
S671,S671,S671,S671,S671,S671,S671,S671,S671,S671,S671,S671,S671,S671,S671,S671,S671,S671,S671,S671,S671,S671,S671,S671,S671,S671,S671,S671,S671
S367,S367,S367,S367,S367,S367,S367,S367,S367,S367,S367,S367,S367,S367,S367,S367,S367,S367,S367,S367,S367,S367,S367,S367,S367,S367,S367,S367,S367
S20,S20,S20,S20,S20,S20,S20,S20,S20,S20,S20,S20,S20,S20,S20,S20,S20,S20,S20,S20,S20,S20,S20,S20,S20,S20,S20,S20,S20
S1248,S1248,S1248,S1248,S1248,S1248,S1248,S1248,S1248,S1248,S1248,S1248,S1248,S1248,S1248,S1248,S1248,S1248,S1248,S1248,S1248,S1248,S1248,S1248,S1248,S1248,S1248,S1248,S1248
S249,S249,S249,S249,S249,S249,S249,S249,S249,S249,S249,S249,S249,S249,S249,S249,S249,S249,S249,S249,S249,S249,S249,S249,S249,S249,S249,S249,S249
S961,S961,S961,S961,S961,S961,S961,S961,S961,S961,S961,S961,S961,S961,S961,S961,S961,S961,S961,S961,S961,S961,S961,S961,S961,S961,S961,S961,S961
S537,S537,S537,S537,S537,S537,S537,S537,S537,S537,S537,S537,S537,S537,S537,S537,S537,S537,S537,S537,S537,S537,S537,S537,S537,S537,S537,S537,S537
S1187,S1187,S1187,S1187,S1187,S1187,S1187,S1187,S1187,S1187,S1187,S1187,S1187,S1187,S1187,S1187,S1187,S1187,S1187,S1187,S1187,S1187,S1187,S1187,S1187,S1187,S1187,S1187,S1187
S863,S863,S863,S863,S863,S863,S863,S863,S863,S863,S863,S863,S863,S863,S863,S863,S863,S863,S863,S863,S863,S863,S863,S863,S863,S863,S863,S863,S863
S64,S64,S64,S64,S64,S64,S64,S64,S64,S64,S64,S64,S64,S64,S64,S64,S64,S64,S64,S64,S64,S64,S64,S64,S64,S64,S64,S64,S64
S1223,S1223,S1223,S1223,S1223,S1223,S1223,S1223,S1223,S1223,S1223,S1223,S1223,S1223,S1223,S1223,S1223,S1223,S1223,S1223,S1223,S1223,S1223,S1223,S1223,S1223,S1223,S1223,S1223
S511,S511,S511,S511,S511,S511,S511,S511,S511,S511,S511,S511,S511,S511,S511,S511,S511,S511,S511,S511,S511,S511,S511,S511,S511,S511,S511,S511,S511
S533,S533,S533,S533,S533,S533,S533,S533,S533,S533,S533,S533,S533,S533,S533,S533,S533,S533,S533,S533,S533,S533,S533,S533,S533,S533,S533,S533,S533
S1050,S1050,S1050,S1050,S1050,S1050,S1050,S1050,S1050,S1050,S1050,S1050,S1050,S1050,S1050,S1050,S1050,S1050,S1050,S1050,S1050,S1050,S1050,S1050,S1050,S1050,S1050,S1050,S1050
S1234,S1234,S1234,S1234,S1234,S1234,S1234,S1234,S1234,S1234,S1234,S1234,S1234,S1234,S1234,S1234,S1234,S1234,S1234,S1234,S1234,S1234,S1234,S1234,S1234,S1234,S1234,S1234,S1234
S512,S512,S512,S512,S512,S512,S512,S512,S512,S512,S512,S512,S512,S512,S512,S512,S512,S512,S512,S512,S512,S512,S512,S512,S512,S512,S512,S512,S512
S784,S784,S784,S784,S784,S784,S784,S784,S784,S784,S784,S784,S784,S784,S784,S784,S784,S784,S784,S784,S784,S784,S784,S784,S784,S784,S784,S784,S784
S1185,S1185,S1185,S1185,S1185,S1185,S1185,S1185,S1185,S1185,S1185,S1185,S1185,S1185,S1185,S1185,S1185,S1185,S1185,S1185,S1185,S1185,S1185,S1185,S1185,S1185,S1185,S1185,S1185
S1166,S1166,S1166,S1166,S1166,S1166,S1166,S1166,S1166,S1166,S1166,S1166,S1166,S1166,S1166,S1166,S1166,S1166,S1166,S1166,S1166,S1166,S1166,S1166,S1166,S1166,S1166,S1166,S1166
S729,S729,S729,S729,S729,S729,S729,S729,S729,S729,S729,S729,S729,S729,S729,S729,S729,S729,S729,S729,S729,S729,S729,S729,S729,S729,S729,S729,S729
S52,S52,S52,S52,S52,S52,S52,S52,S52,S52,S52,S52,S52,S52,S52,S52,S52,S52,S52,S52,S52,S52,S52,S52,S52,S52,S52,S52,S52
S415,S415,S415,S415,S415,S415,S415,S415,S415,S415,S415,S415,S415,S415,S415,S415,S415,S415,S415,S415,S415,S415,S415,S415,S415,S415,S415,S415,S415
S418,S418,S418,S418,S418,S418,S418,S418,S418,S418,S418,S418,S418,S418,S418,S418,S418,S418,S418,S418,S418,S418,S418,S418,S418,S418,S418,S418,S418
S843,S843,S843,S843,S843,S843,S843,S843,S843,S843,S843,S843,S843,S843,S843,S843,S843,S843,S843,S843,S843,S843,S843,S843,S843,S843,S843,S843,S843
S336,S336,S336,S336,S336,S336,S336,S336,S336,S336,S336,S336,S336,S336,S336,S336,S336,S336,S336,S336,S336,S336,S336,S336,S336,S336,S336,S336,S336
S608,S608,S608,S608,S608,S608,S608,S608,S608,S608,S608,S608,S608,S608,S608,S608,S608,S608,S608,S608,S608,S608,S608,S608,S608,S608,S608,S608,S608
S566,S566,S566,S566,S566,S566,S566,S566,S566,S566,S566,S566,S566,S566,S566,S566,S566,S566,S566,S566,S566,S566,S566,S566,S566,S566,S566,S566,S566
S4,S4,S4,S4,S4,S4,S4,S4,S4,S4,S4,S4,S4,S4,S4,S4,S4,S4,S4,S4,S4,S4,S4,S4,S4,S4,S4,S4,S4
S59,S59,S59,S59,S59,S59,S59,S59,S59,S59,S59,S59,S59,S59,S59,S59,S59,S59,S59,S59,S59,S59,S59,S59,S59,S59,S59,S59,S59
S1364,S1364,S1364,S1364,S1364,S1364,S1364,S1364,S1364,S1364,S1364,S1364,S1364,S1364,S1364,S1364,S1364,S1364,S1364,S1364,S1364,S1364,S1364,S1364,S1364,S1364,S1364,S1364,S1364
S161,S161,S161,S161,S161,S161,S161,S161,S161,S161,S161,S161,S161,S161,S161,S161,S161,S161,S161,S161,S161,S161,S161,S161,S161,S161,S161,S161,S161
S30,S30,S30,S30,S30,S30,S30,S30,S30,S30,S30,S30,S30,S30,S30,S30,S30,S30,S30,S30,S30,S30,S30,S30,S30,S30,S30,S30,S30
S627,S627,S627,S627,S627,S627,S627,S627,S627,S627,S627,S627,S627,S627,S627,S627,S627,S627,S627,S627,S627,S627,S627,S627,S627,S627,S627,S627,S627
S143,S143,S143,S143,S143,S143,S143,S143,S143,S143,S143,S143,S143,S143,S143,S143,S143,S143,S143,S143,S143,S143,S143,S143,S143,S143,S143,S143,S143
S666,S666,S666,S666,S666,S666,S666,S666,S666,S666,S666,S666,S666,S666,S666,S666,S666,S666,S666,S666,S666,S666,S666,S666,S666,S666,S666,S666,S666
S1229,S1229,S1229,S1229,S1229,S1229,S1229,S1229,S1229,S1229,S1229,S1229,S1229,S1229,S1229,S1229,S1229,S1229,S1229,S1229,S1229,S1229,S1229,S1229,S1229,S1229,S1229,S1229,S1229
S51,S51,S51,S51,S51,S51,S51,S51,S51,S51,S51,S51,S51,S51,S51,S51,S51,S51,S51,S51,S51,S51,S51,S51,S51,S51,S51,S51,S51
S1237,S1237,S1237,S1237,S1237,S1237,S1237,S1237,S1237,S1237,S1237,S1237,S1237,S1237,S1237,S1237,S1237,S1237,S1237,S1237,S1237,S1237,S1237,S1237,S1237,S1237,S1237,S1237,S1237
S132,S132,S132,S132,S132,S132,S132,S132,S132,S132,S132,S132,S132,S132,S132,S132,S132,S132,S132,S132,S132,S132,S132,S132,S132,S132,S132,S132,S132
S735,S735,S735,S735,S735,S735,S735,S735,S735,S735,S735,S735,S735,S735,S735,S735,S735,S735,S735,S735,S735,S735,S735,S735,S735,S735,S735,S735,S735
S805,S805,S805,S805,S805,S805,S805,S805,S805,S805,S805,S805,S805,S805,S805,S805,S805,S805,S805,S805,S805,S805,S805,S805,S805,S805,S805,S805,S805
S832,S832,S832,S832,S832,S832,S832,S832,S832,S832,S832,S832,S832,S832,S832,S832,S832,S832,S832,S832,S832,S832,S832,S832,S832,S832,S832,S832,S832
S559,S559,S559,S559,S559,S559,S559,S559,S559,S559,S559,S559,S559,S559,S559,S559,S559,S559,S559,S559,S559,S559,S559,S559,S559,S559,S559,S559,S559
S620,S620,S620,S620,S620,S620,S620,S620,S620,S620,S620,S620,S620,S620,S620,S620,S620,S620,S620,S620,S620,S620,S620,S620,S620,S620,S620,S620,S620
S219,S219,S219,S219,S219,S219,S219,S219,S219,S219,S219,S219,S219,S219,S219,S219,S219,S219,S219,S219,S219,S219,S219,S219,S219,S219,S219,S219,S219
S366,S366,S366,S366,S366,S366,S366,S366,S366,S366,S366,S366,S366,S366,S366,S366,S366,S366,S366,S366,S366,S366,S366,S366,S366,S366,S366,S366,S366
S550,S550,S550,S550,S550,S550,S550,S550,S550,S550,S550,S550,S550,S550,S550,S550,S550,S550,S550,S550,S550,S550,S550,S550,S550,S550,S550,S550,S550
S344,S344,S344,S344,S344,S344,S344,S344,S344,S344,S344,S344,S344,S344,S344,S344,S344,S344,S344,S344,S344,S344,S344,S344,S344,S344,S344,S344,S344
S373,S373,S373,S373,S373,S373,S373,S373,S373,S373,S373,S373,S373,S373,S373,S373,S373,S373,S373,S373,S373,S373,S373,S373,S373,S373,S373,S373,S373
S185,S185,S185,S185,S185,S185,S185,S185,S185,S185,S185,S185,S185,S185,S185,S185,S185,S185,S185,S185,S185,S185,S185,S185,S185,S185,S185,S185,S185
S1279,S1279,S1279,S1279,S1279,S1279,S1279,S1279,S1279,S1279,S1279,S1279,S1279,S1279,S1279,S1279,S1279,S1279,S1279,S1279,S1279,S1279,S1279,S1279,S1279,S1279,S1279,S1279,S1279
S1035,S1035,S1035,S1035,S1035,S1035,S1035,S1035,S1035,S1035,S1035,S1035,S1035,S1035,S1035,S1035,S1035,S1035,S1035,S1035,S1035,S1035,S1035,S1035,S1035,S1035,S1035,S1035,S1035
S714,S714,S714,S714,S714,S714,S714,S714,S714,S714,S714,S714,S714,S714,S714,S714,S714,S714,S714,S714,S714,S714,S714,S714,S714,S714,S714,S714,S714
S1252,S1252,S1252,S1252,S1252,S1252,S1252,S1252,S1252,S1252,S1252,S1252,S1252,S1252,S1252,S1252,S1252,S1252,S1252,S1252,S1252,S1252,S1252,S1252,S1252,S1252,S1252,S1252,S1252
S730,S730,S730,S730,S730,S730,S730,S730,S730,S730,S730,S730,S730,S730,S730,S730,S730,S730,S730,S730,S730,S730,S730,S730,S730,S730,S730,S730,S730
S1168,S1168,S1168,S1168,S1168,S1168,S1168,S1168,S1168,S1168,S1168,S1168,S1168,S1168,S1168,S1168,S1168,S1168,S1168,S1168,S1168,S1168,S1168,S1168,S1168,S1168,S1168,S1168,S1168
S204,S204,S204,S204,S204,S204,S204,S204,S204,S204,S204,S204,S204,S204,S204,S204,S204,S204,S204,S204,S204,S204,S204,S204,S204,S204,S204,S204,S204
S182,S182,S182,S182,S182,S182,S182,S182,S182,S182,S182,S182,S182,S182,S182,S182,S182,S182,S182,S182,S182,S182,S182,S182,S182,S182,S182,S182,S182
S839,S839,S839,S839,S839,S839,S839,S839,S839,S839,S839,S839,S839,S839,S839,S839,S839,S839,S839,S839,S839,S839,S839,S839,S839,S839,S839,S839,S839
S324,S324,S324,S324,S324,S324,S324,S324,S324,S324,S324,S324,S324,S324,S324,S324,S324,S324,S324,S324,S324,S324,S324,S324,S324,S324,S324,S324,S324
S417,S417,S417,S417,S417,S417,S417,S417,S417,S417,S417,S417,S417,S417,S417,S417,S417,S417,S417,S417,S417,S417,S417,S417,S417,S417,S417,S417,S417
S312,S312,S312,S312,S312,S312,S312,S312,S312,S312,S312,S312,S312,S312,S312,S312,S312,S312,S312,S312,S312,S312,S312,S312,S312,S312,S312,S312,S312
S94,S94,S94,S94,S94,S94,S94,S94,S94,S94,S94,S94,S94,S94,S94,S94,S94,S94,S94,S94,S94,S94,S94,S94,S94,S94,S94,S94,S94
S520,S520,S520,S520,S520,S520,S520,S520,S520,S520,S520,S520,S520,S520,S520,S520,S520,S520,S520,S520,S520,S520,S520,S520,S520,S520,S520,S520,S520
S379,S379,S379,S379,S379,S379,S379,S379,S379,S379,S379,S379,S379,S379,S379,S379,S379,S379,S379,S379,S379,S379,S379,S379,S379,S379,S379,S379,S379
S1294,S1294,S1294,S1294,S1294,S1294,S1294,S1294,S1294,S1294,S1294,S1294,S1294,S1294,S1294,S1294,S1294,S1294,S1294,S1294,S1294,S1294,S1294,S1294,S1294,S1294,S1294,S1294,S1294
S768,S768,S768,S768,S768,S768,S768,S768,S768,S768,S768,S768,S768,S768,S768,S768,S768,S768,S768,S768,S768,S768,S768,S768,S768,S768,S768,S768,S768
S411,S411,S411,S411,S411,S411,S411,S411,S411,S411,S411,S411,S411,S411,S411,S411,S411,S411,S411,S411,S411,S411,S411,S411,S411,S411,S411,S411,S411
S833,S833,S833,S833,S833,S833,S833,S833,S833,S833,S833,S833,S833,S833,S833,S833,S833,S833,S833,S833,S833,S833,S833,S833,S833,S833,S833,S833,S833
S711,S711,S711,S711,S711,S711,S711,S711,S711,S711,S711,S711,S711,S711,S711,S711,S711,S711,S711,S711,S711,S711,S711,S711,S711,S711,S711,S711,S711
S672,S672,S672,S672,S672,S672,S672,S672,S672,S672,S672,S672,S672,S672,S672,S672,S672,S672,S672,S672,S672,S672,S672,S672,S672,S672,S672,S672,S672
S606,S606,S606,S606,S606,S606,S606,S606,S606,S606,S606,S606,S606,S606,S606,S606,S606,S606,S606,S606,S606,S606,S606,S606,S606,S606,S606,S606,S606
S578,S578,S578,S578,S578,S578,S578,S578,S578,S578,S578,S578,S578,S578,S578,S578,S578,S578,S578,S578,S578,S578,S578,S578,S578,S578,S578,S578,S578
S903,S903,S903,S903,S903,S903,S903,S903,S903,S903,S903,S903,S903,S903,S903,S903,S903,S903,S903,S903,S903,S903,S903,S903,S903,S903,S903,S903,S903
S785,S785,S785,S785,S785,S785,S785,S785,S785,S785,S785,S785,S785,S785,S785,S785,S785,S785,S785,S785,S785,S785,S785,S785,S785,S785,S785,S785,S785
S918,S918,S918,S918,S918,S918,S918,S918,S918,S918,S918,S918,S918,S918,S918,S918,S918,S918,S918,S918,S918,S918,S918,S918,S918,S918,S918,S918,S918
S762,S762,S762,S762,S762,S762,S762,S762,S762,S762,S762,S762,S762,S762,S762,S762,S762,S762,S762,S762,S762,S762,S762,S762,S762,S762,S762,S762,S762
S1069,S1069,S1069,S1069,S1069,S1069,S1069,S1069,S1069,S1069,S1069,S1069,S1069,S1069,S1069,S1069,S1069,S1069,S1069,S1069,S1069,S1069,S1069,S1069,S1069,S1069,S1069,S1069,S1069
S664,S664,S664,S664,S664,S664,S664,S664,S664,S664,S664,S664,S664,S664,S664,S664,S664,S664,S664,S664,S664,S664,S664,S664,S664,S664,S664,S664,S664
S41,S41,S41,S41,S41,S41,S41,S41,S41,S41,S41,S41,S41,S41,S41,S41,S41,S41,S41,S41,S41,S41,S41,S41,S41,S41,S41,S41,S41
S194,S194,S194,S194,S194,S194,S194,S194,S194,S194,S194,S194,S194,S194,S194,S194,S194,S194,S194,S194,S194,S194,S194,S194,S194,S194,S194,S194,S194
S207,S207,S207,S207,S207,S207,S207,S207,S207,S207,S207,S207,S207,S207,S207,S207,S207,S207,S207,S207,S207,S207,S207,S207,S207,S207,S207,S207,S207
S822,S822,S822,S822,S822,S822,S822,S822,S822,S822,S822,S822,S822,S822,S822,S822,S822,S822,S822,S822,S822,S822,S822,S822,S822,S822,S822,S822,S822
S89,S89,S89,S89,S89,S89,S89,S89,S89,S89,S89,S89,S89,S89,S89,S89,S89,S89,S89,S89,S89,S89,S89,S89,S89,S89,S89,S89,S89
S817,S817,S817,S817,S817,S817,S817,S817,S817,S817,S817,S817,S817,S817,S817,S817,S817,S817,S817,S817,S817,S817,S817,S817,S817,S817,S817,S817,S817
S585,S585,S585,S585,S585,S585,S585,S585,S585,S585,S585,S585,S585,S585,S585,S585,S585,S585,S585,S585,S585,S585,S585,S585,S585,S585,S585,S585,S585
S612,S612,S612,S612,S612,S612,S612,S612,S612,S612,S612,S612,S612,S612,S612,S612,S612,S612,S612,S612,S612,S612,S612,S612,S612,S612,S612,S612,S612
S621,S621,S621,S621,S621,S621,S621,S621,S621,S621,S621,S621,S621,S621,S621,S621,S621,S621,S621,S621,S621,S621,S621,S621,S621,S621,S621,S621,S621
S718,S718,S718,S718,S718,S718,S718,S718,S718,S718,S718,S718,S718,S718,S718,S718,S718,S718,S718,S718,S718,S718,S718,S718,S718,S718,S718,S718,S718
S1328,S1328,S1328,S1328,S1328,S1328,S1328,S1328,S1328,S1328,S1328,S1328,S1328,S1328,S1328,S1328,S1328,S1328,S1328,S1328,S1328,S1328,S1328,S1328,S1328,S1328,S1328,S1328,S1328
S1219,S1219,S1219,S1219,S1219,S1219,S1219,S1219,S1219,S1219,S1219,S1219,S1219,S1219,S1219,S1219,S1219,S1219,S1219,S1219,S1219,S1219,S1219,S1219,S1219,S1219,S1219,S1219,S1219
S370,S370,S370,S370,S370,S370,S370,S370,S370,S370,S370,S370,S370,S370,S370,S370,S370,S370,S370,S370,S370,S370,S370,S370,S370,S370,S370,S370,S370
S779,S779,S779,S779,S779,S779,S779,S779,S779,S779,S779,S779,S779,S779,S779,S779,S779,S779,S779,S779,S779,S779,S779,S779,S779,S779,S779,S779,S779
S426,S426,S426,S426,S426,S426,S426,S426,S426,S426,S426,S426,S426,S426,S426,S426,S426,S426,S426,S426,S426,S426,S426,S426,S426,S426,S426,S426,S426
S442,S442,S442,S442,S442,S442,S442,S442,S442,S442,S442,S442,S442,S442,S442,S442,S442,S442,S442,S442,S442,S442,S442,S442,S442,S442,S442,S442,S442
S628,S628,S628,S628,S628,S628,S628,S628,S628,S628,S628,S628,S628,S628,S628,S628,S628,S628,S628,S628,S628,S628,S628,S628,S628,S628,S628,S628,S628
S572,S572,S572,S572,S572,S572,S572,S572,S572,S572,S572,S572,S572,S572,S572,S572,S572,S572,S572,S572,S572,S572,S572,S572,S572,S572,S572,S572,S572
S1273,S1273,S1273,S1273,S1273,S1273,S1273,S1273,S1273,S1273,S1273,S1273,S1273,S1273,S1273,S1273,S1273,S1273,S1273,S1273,S1273,S1273,S1273,S1273,S1273,S1273,S1273,S1273,S1273
S1010,S1010,S1010,S1010,S1010,S1010,S1010,S1010,S1010,S1010,S1010,S1010,S1010,S1010,S1010,S1010,S1010,S1010,S1010,S1010,S1010,S1010,S1010,S1010,S1010,S1010,S1010,S1010,S1010
S569,S569,S569,S569,S569,S569,S569,S569,S569,S569,S569,S569,S569,S569,S569,S569,S569,S569,S569,S569,S569,S569,S569,S569,S569,S569,S569,S569,S569
S738,S738,S738,S738,S738,S738,S738,S738,S738,S738,S738,S738,S738,S738,S738,S738,S738,S738,S738,S738,S738,S738,S738,S738,S738,S738,S738,S738,S738
S750,S750,S750,S750,S750,S750,S750,S750,S750,S750,S750,S750,S750,S750,S750,S750,S750,S750,S750,S750,S750,S750,S750,S750,S750,S750,S750,S750,S750
S980,S980,S980,S980,S980,S980,S980,S980,S980,S980,S980,S980,S980,S980,S980,S980,S980,S980,S980,S980,S980,S980,S980,S980,S980,S980,S980,S980,S980
S263,S263,S263,S263,S263,S263,S263,S263,S263,S263,S263,S263,S263,S263,S263,S263,S263,S263,S263,S263,S263,S263,S263,S263,S263,S263,S263,S263,S263
S113,S113,S113,S113,S113,S113,S113,S113,S113,S113,S113,S113,S113,S113,S113,S113,S113,S113,S113,S113,S113,S113,S113,S113,S113,S113,S113,S113,S113
S752,S752,S752,S752,S752,S752,S752,S752,S752,S752,S752,S752,S752,S752,S752,S752,S752,S752,S752,S752,S752,S752,S752,S752,S752,S752,S752,S752,S752
S1105,S1105,S1105,S1105,S1105,S1105,S1105,S1105,S1105,S1105,S1105,S1105,S1105,S1105,S1105,S1105,S1105,S1105,S1105,S1105,S1105,S1105,S1105,S1105,S1105,S1105,S1105,S1105,S1105
S1320,S1320,S1320,S1320,S1320,S1320,S1320,S1320,S1320,S1320,S1320,S1320,S1320,S1320,S1320,S1320,S1320,S1320,S1320,S1320,S1320,S1320,S1320,S1320,S1320,S1320,S1320,S1320,S1320
S1044,S1044,S1044,S1044,S1044,S1044,S1044,S1044,S1044,S1044,S1044,S1044,S1044,S1044,S1044,S1044,S1044,S1044,S1044,S1044,S1044,S1044,S1044,S1044,S1044,S1044,S1044,S1044,S1044
S2,S2,S2,S2,S2,S2,S2,S2,S2,S2,S2,S2,S2,S2,S2,S2,S2,S2,S2,S2,S2,S2,S2,S2,S2,S2,S2,S2,S2
S564,S564,S564,S564,S564,S564,S564,S564,S564,S564,S564,S564,S564,S564,S564,S564,S564,S564,S564,S564,S564,S564,S564,S564,S564,S564,S564,S564,S564
S55,S55,S55,S55,S55,S55,S55,S55,S55,S55,S55,S55,S55,S55,S55,S55,S55,S55,S55,S55,S55,S55,S55,S55,S55,S55,S55,S55,S55
S629,S629,S629,S629,S629,S629,S629,S629,S629,S629,S629,S629,S629,S629,S629,S629,S629,S629,S629,S629,S629,S629,S629,S629,S629,S629,S629,S629,S629
S786,S786,S786,S786,S786,S786,S786,S786,S786,S786,S786,S786,S786,S786,S786,S786,S786,S786,S786,S786,S786,S786,S786,S786,S786,S786,S786,S786,S786
S777,S777,S777,S777,S777,S777,S777,S777,S777,S777,S777,S777,S777,S777,S777,S777,S777,S777,S777,S777,S777,S777,S777,S777,S777,S777,S777,S777,S777
S149,S149,S149,S149,S149,S149,S149,S149,S149,S149,S149,S149,S149,S149,S149,S149,S149,S149,S149,S149,S149,S149,S149,S149,S149,S149,S149,S149,S149
S667,S667,S667,S667,S667,S667,S667,S667,S667,S667,S667,S667,S667,S667,S667,S667,S667,S667,S667,S667,S667,S667,S667,S667,S667,S667,S667,S667,S667
S468,S468,S468,S468,S468,S468,S468,S468,S468,S468,S468,S468,S468,S468,S468,S468,S468,S468,S468,S468,S468,S468,S468,S468,S468,S468,S468,S468,S468
S870,S870,S870,S870,S870,S870,S870,S870,S870,S870,S870,S870,S870,S870,S870,S870,S870,S870,S870,S870,S870,S870,S870,S870,S870,S870,S870,S870,S870
S1306,S1306,S1306,S1306,S1306,S1306,S1306,S1306,S1306,S1306,S1306,S1306,S1306,S1306,S1306,S1306,S1306,S1306,S1306,S1306,S1306,S1306,S1306,S1306,S1306,S1306,S1306,S1306,S1306
S400,S400,S400,S400,S400,S400,S400,S400,S400,S400,S400,S400,S400,S400,S400,S400,S400,S400,S400,S400,S400,S400,S400,S400,S400,S400,S400,S400,S400
S192,S192,S192,S192,S192,S192,S192,S192,S192,S192,S192,S192,S192,S192,S192,S192,S192,S192,S192,S192,S192,S192,S192,S192,S192,S192,S192,S192,S192
S439,S439,S439,S439,S439,S439,S439,S439,S439,S439,S439,S439,S439,S439,S439,S439,S439,S439,S439,S439,S439,S439,S439,S439,S439,S439,S439,S439,S439
S1109,S1109,S1109,S1109,S1109,S1109,S1109,S1109,S1109,S1109,S1109,S1109,S1109,S1109,S1109,S1109,S1109,S1109,S1109,S1109,S1109,S1109,S1109,S1109,S1109,S1109,S1109,S1109,S1109
S1337,S1337,S1337,S1337,S1337,S1337,S1337,S1337,S1337,S1337,S1337,S1337,S1337,S1337,S1337,S1337,S1337,S1337,S1337,S1337,S1337,S1337,S1337,S1337,S1337,S1337,S1337,S1337,S1337
S1015,S1015,S1015,S1015,S1015,S1015,S1015,S1015,S1015,S1015,S1015,S1015,S1015,S1015,S1015,S1015,S1015,S1015,S1015,S1015,S1015,S1015,S1015,S1015,S1015,S1015,S1015,S1015,S1015
S523,S523,S523,S523,S523,S523,S523,S523,S523,S523,S523,S523,S523,S523,S523,S523,S523,S523,S523,S523,S523,S523,S523,S523,S523,S523,S523,S523,S523
S702,S702,S702,S702,S702,S702,S702,S702,S702,S702,S702,S702,S702,S702,S702,S702,S702,S702,S702,S702,S702,S702,S702,S702,S702,S702,S702,S702,S702
S873,S873,S873,S873,S873,S873,S873,S873,S873,S873,S873,S873,S873,S873,S873,S873,S873,S873,S873,S873,S873,S873,S873,S873,S873,S873,S873,S873,S873
S1379,S1379,S1379,S1379,S1379,S1379,S1379,S1379,S1379,S1379,S1379,S1379,S1379,S1379,S1379,S1379,S1379,S1379,S1379,S1379,S1379,S1379,S1379,S1379,S1379,S1379,S1379,S1379,S1379
S563,S563,S563,S563,S563,S563,S563,S563,S563,S563,S563,S563,S563,S563,S563,S563,S563,S563,S563,S563,S563,S563,S563,S563,S563,S563,S563,S563,S563
S325,S325,S325,S325,S325,S325,S325,S325,S325,S325,S325,S325,S325,S325,S325,S325,S325,S325,S325,S325,S325,S325,S325,S325,S325,S325,S325,S325,S325
S221,S221,S221,S221,S221,S221,S221,S221,S221,S221,S221,S221,S221,S221,S221,S221,S221,S221,S221,S221,S221,S221,S221,S221,S221,S221,S221,S221,S221
S289,S289,S289,S289,S289,S289,S289,S289,S289,S289,S289,S289,S289,S289,S289,S289,S289,S289,S289,S289,S289,S289,S289,S289,S289,S289,S289,S289,S289
S681,S681,S681,S681,S681,S681,S681,S681,S681,S681,S681,S681,S681,S681,S681,S681,S681,S681,S681,S681,S681,S681,S681,S681,S681,S681,S681,S681,S681
S477,S477,S477,S477,S477,S477,S477,S477,S477,S477,S477,S477,S477,S477,S477,S477,S477,S477,S477,S477,S477,S477,S477,S477,S477,S477,S477,S477,S477
S848,S848,S848,S848,S848,S848,S848,S848,S848,S848,S848,S848,S848,S848,S848,S848,S848,S848,S848,S848,S848,S848,S848,S848,S848,S848,S848,S848,S848
S529,S529,S529,S529,S529,S529,S529,S529,S529,S529,S529,S529,S529,S529,S529,S529,S529,S529,S529,S529,S529,S529,S529,S529,S529,S529,S529,S529,S529
S153,S153,S153,S153,S153,S153,S153,S153,S153,S153,S153,S153,S153,S153,S153,S153,S153,S153,S153,S153,S153,S153,S153,S153,S153,S153,S153,S153,S153
S427,S427,S427,S427,S427,S427,S427,S427,S427,S427,S427,S427,S427,S427,S427,S427,S427,S427,S427,S427,S427,S427,S427,S427,S427,S427,S427,S427,S427
S384,S384,S384,S384,S384,S384,S384,S384,S384,S384,S384,S384,S384,S384,S384,S384,S384,S384,S384,S384,S384,S384,S384,S384,S384,S384,S384,S384,S384
S1063,S1063,S1063,S1063,S1063,S1063,S1063,S1063,S1063,S1063,S1063,S1063,S1063,S1063,S1063,S1063,S1063,S1063,S1063,S1063,S1063,S1063,S1063,S1063,S1063,S1063,S1063,S1063,S1063
S198,S198,S198,S198,S198,S198,S198,S198,S198,S198,S198,S198,S198,S198,S198,S198,S198,S198,S198,S198,S198,S198,S198,S198,S198,S198,S198,S198,S198
S6,S6,S6,S6,S6,S6,S6,S6,S6,S6,S6,S6,S6,S6,S6,S6,S6,S6,S6,S6,S6,S6,S6,S6,S6,S6,S6,S6,S6
S723,S723,S723,S723,S723,S723,S723,S723,S723,S723,S723,S723,S723,S723,S723,S723,S723,S723,S723,S723,S723,S723,S723,S723,S723,S723,S723,S723,S723
S224,S224,S224,S224,S224,S224,S224,S224,S224,S224,S224,S224,S224,S224,S224,S224,S224,S224,S224,S224,S224,S224,S224,S224,S224,S224,S224,S224,S224
S1192,S1192,S1192,S1192,S1192,S1192,S1192,S1192,S1192,S1192,S1192,S1192,S1192,S1192,S1192,S1192,S1192,S1192,S1192,S1192,S1192,S1192,S1192,S1192,S1192,S1192,S1192,S1192,S1192
S441,S441,S441,S441,S441,S441,S441,S441,S441,S441,S441,S441,S441,S441,S441,S441,S441,S441,S441,S441,S441,S441,S441,S441,S441,S441,S441,S441,S441
S1358,S1358,S1358,S1358,S1358,S1358,S1358,S1358,S1358,S1358,S1358,S1358,S1358,S1358,S1358,S1358,S1358,S1358,S1358,S1358,S1358,S1358,S1358,S1358,S1358,S1358,S1358,S1358,S1358
S326,S326,S326,S326,S326,S326,S326,S326,S326,S326,S326,S326,S326,S326,S326,S326,S326,S326,S326,S326,S326,S326,S326,S326,S326,S326,S326,S326,S326
S205,S205,S205,S205,S205,S205,S205,S205,S205,S205,S205,S205,S205,S205,S205,S205,S205,S205,S205,S205,S205,S205,S205,S205,S205,S205,S205,S205,S205
S1070,S1070,S1070,S1070,S1070,S1070,S1070,S1070,S1070,S1070,S1070,S1070,S1070,S1070,S1070,S1070,S1070,S1070,S1070,S1070,S1070,S1070,S1070,S1070,S1070,S1070,S1070,S1070,S1070
S211,S211,S211,S211,S211,S211,S211,S211,S211,S211,S211,S211,S211,S211,S211,S211,S211,S211,S211,S211,S211,S211,S211,S211,S211,S211,S211,S211,S211
S1041,S1041,S1041,S1041,S1041,S1041,S1041,S1041,S1041,S1041,S1041,S1041,S1041,S1041,S1041,S1041,S1041,S1041,S1041,S1041,S1041,S1041,S1041,S1041,S1041,S1041,S1041,S1041,S1041
S1025,S1025,S1025,S1025,S1025,S1025,S1025,S1025,S1025,S1025,S1025,S1025,S1025,S1025,S1025,S1025,S1025,S1025,S1025,S1025,S1025,S1025,S1025,S1025,S1025,S1025,S1025,S1025,S1025
S545,S545,S545,S545,S545,S545,S545,S545,S545,S545,S545,S545,S545,S545,S545,S545,S545,S545,S545,S545,S545,S545,S545,S545,S545,S545,S545,S545,S545
S386,S386,S386,S386,S386,S386,S386,S386,S386,S386,S386,S386,S386,S386,S386,S386,S386,S386,S386,S386,S386,S386,S386,S386,S386,S386,S386,S386,S386
S1127,S1127,S1127,S1127,S1127,S1127,S1127,S1127,S1127,S1127,S1127,S1127,S1127,S1127,S1127,S1127,S1127,S1127,S1127,S1127,S1127,S1127,S1127,S1127,S1127,S1127,S1127,S1127,S1127
S307,S307,S307,S307,S307,S307,S307,S307,S307,S307,S307,S307,S307,S307,S307,S307,S307,S307,S307,S307,S307,S307,S307,S307,S307,S307,S307,S307,S307
S521,S521,S521,S521,S521,S521,S521,S521,S521,S521,S521,S521,S521,S521,S521,S521,S521,S521,S521,S521,S521,S521,S521,S521,S521,S521,S521,S521,S521
S721,S721,S721,S721,S721,S721,S721,S721,S721,S721,S721,S721,S721,S721,S721,S721,S721,S721,S721,S721,S721,S721,S721,S721,S721,S721,S721,S721,S721
S170,S170,S170,S170,S170,S170,S170,S170,S170,S170,S170,S170,S170,S170,S170,S170,S170,S170,S170,S170,S170,S170,S170,S170,S170,S170,S170,S170,S170
S923,S923,S923,S923,S923,S923,S923,S923,S923,S923,S923,S923,S923,S923,S923,S923,S923,S923,S923,S923,S923,S923,S923,S923,S923,S923,S923,S923,S923
S990,S990,S990,S990,S990,S990,S990,S990,S990,S990,S990,S990,S990,S990,S990,S990,S990,S990,S990,S990,S990,S990,S990,S990,S990,S990,S990,S990,S990
S374,S374,S374,S374,S374,S374,S374,S374,S374,S374,S374,S374,S374,S374,S374,S374,S374,S374,S374,S374,S374,S374,S374,S374,S374,S374,S374,S374,S374
S682,S682,S682,S682,S682,S682,S682,S682,S682,S682,S682,S682,S682,S682,S682,S682,S682,S682,S682,S682,S682,S682,S682,S682,S682,S682,S682,S682,S682
S136,S136,S136,S136,S136,S136,S136,S136,S136,S136,S136,S136,S136,S136,S136,S136,S136,S136,S136,S136,S136,S136,S136,S136,S136,S136,S136,S136,S136
S734,S734,S734,S734,S734,S734,S734,S734,S734,S734,S734,S734,S734,S734,S734,S734,S734,S734,S734,S734,S734,S734,S734,S734,S734,S734,S734,S734,S734
S893,S893,S893,S893,S893,S893,S893,S893,S893,S893,S893,S893,S893,S893,S893,S893,S893,S893,S893,S893,S893,S893,S893,S893,S893,S893,S893,S893,S893
S154,S154,S154,S154,S154,S154,S154,S154,S154,S154,S154,S154,S154,S154,S154,S154,S154,S154,S154,S154,S154,S154,S154,S154,S154,S154,S154,S154,S154
S1354,S1354,S1354,S1354,S1354,S1354,S1354,S1354,S1354,S1354,S1354,S1354,S1354,S1354,S1354,S1354,S1354,S1354,S1354,S1354,S1354,S1354,S1354,S1354,S1354,S1354,S1354,S1354,S1354
S184,S184,S184,S184,S184,S184,S184,S184,S184,S184,S184,S184,S184,S184,S184,S184,S184,S184,S184,S184,S184,S184,S184,S184,S184,S184,S184,S184,S184
S463,S463,S463,S463,S463,S463,S463,S463,S463,S463,S463,S463,S463,S463,S463,S463,S463,S463,S463,S463,S463,S463,S463,S463,S463,S463,S463,S463,S463
S640,S640,S640,S640,S640,S640,S640,S640,S640,S640,S640,S640,S640,S640,S640,S640,S640,S640,S640,S640,S640,S640,S640,S640,S640,S640,S640,S640,S640
S74,S74,S74,S74,S74,S74,S74,S74,S74,S74,S74,S74,S74,S74,S74,S74,S74,S74,S74,S74,S74,S74,S74,S74,S74,S74,S74,S74,S74
S1118,S1118,S1118,S1118,S1118,S1118,S1118,S1118,S1118,S1118,S1118,S1118,S1118,S1118,S1118,S1118,S1118,S1118,S1118,S1118,S1118,S1118,S1118,S1118,S1118,S1118,S1118,S1118,S1118
S1141,S1141,S1141,S1141,S1141,S1141,S1141,S1141,S1141,S1141,S1141,S1141,S1141,S1141,S1141,S1141,S1141,S1141,S1141,S1141,S1141,S1141,S1141,S1141,S1141,S1141,S1141,S1141,S1141
S111,S111,S111,S111,S111,S111,S111,S111,S111,S111,S111,S111,S111,S111,S111,S111,S111,S111,S111,S111,S111,S111,S111,S111,S111,S111,S111,S111,S111
S778,S778,S778,S778,S778,S778,S778,S778,S778,S778,S778,S778,S778,S778,S778,S778,S778,S778,S778,S778,S778,S778,S778,S778,S778,S778,S778,S778,S778
S795,S795,S795,S795,S795,S795,S795,S795,S795,S795,S795,S795,S795,S795,S795,S795,S795,S795,S795,S795,S795,S795,S795,S795,S795,S795,S795,S795,S795
S360,S360,S360,S360,S360,S360,S360,S360,S360,S360,S360,S360,S360,S360,S360,S360,S360,S360,S360,S360,S360,S360,S360,S360,S360,S360,S360,S360,S360
S925,S925,S925,S925,S925,S925,S925,S925,S925,S925,S925,S925,S925,S925,S925,S925,S925,S925,S925,S925,S925,S925,S925,S925,S925,S925,S925,S925,S925
S1115,S1115,S1115,S1115,S1115,S1115,S1115,S1115,S1115,S1115,S1115,S1115,S1115,S1115,S1115,S1115,S1115,S1115,S1115,S1115,S1115,S1115,S1115,S1115,S1115,S1115,S1115,S1115,S1115
S860,S860,S860,S860,S860,S860,S860,S860,S860,S860,S860,S860,S860,S860,S860,S860,S860,S860,S860,S860,S860,S860,S860,S860,S860,S860,S860,S860,S860
S913,S913,S913,S913,S913,S913,S913,S913,S913,S913,S913,S913,S913,S913,S913,S913,S913,S913,S913,S913,S913,S913,S913,S913,S913,S913,S913,S913,S913
S240,S240,S240,S240,S240,S240,S240,S240,S240,S240,S240,S240,S240,S240,S240,S240,S240,S240,S240,S240,S240,S240,S240,S240,S240,S240,S240,S240,S240
S906,S906,S906,S906,S906,S906,S906,S906,S906,S906,S906,S906,S906,S906,S906,S906,S906,S906,S906,S906,S906,S906,S906,S906,S906,S906,S906,S906,S906
S582,S582,S582,S582,S582,S582,S582,S582,S582,S582,S582,S582,S582,S582,S582,S582,S582,S582,S582,S582,S582,S582,S582,S582,S582,S582,S582,S582,S582
S705,S705,S705,S705,S705,S705,S705,S705,S705,S705,S705,S705,S705,S705,S705,S705,S705,S705,S705,S705,S705,S705,S705,S705,S705,S705,S705,S705,S705
S678,S678,S678,S678,S678,S678,S678,S678,S678,S678,S678,S678,S678,S678,S678,S678,S678,S678,S678,S678,S678,S678,S678,S678,S678,S678,S678,S678,S678
S973,S973,S973,S973,S973,S973,S973,S973,S973,S973,S973,S973,S973,S973,S973,S973,S973,S973,S973,S973,S973,S973,S973,S973,S973,S973,S973,S973,S973
S1090,S1090,S1090,S1090,S1090,S1090,S1090,S1090,S1090,S1090,S1090,S1090,S1090,S1090,S1090,S1090,S1090,S1090,S1090,S1090,S1090,S1090,S1090,S1090,S1090,S1090,S1090,S1090,S1090
S757,S757,S757,S757,S757,S757,S757,S757,S757,S757,S757,S757,S757,S757,S757,S757,S757,S757,S757,S757,S757,S757,S757,S757,S757,S757,S757,S757,S757
S1167,S1167,S1167,S1167,S1167,S1167,S1167,S1167,S1167,S1167,S1167,S1167,S1167,S1167,S1167,S1167,S1167,S1167,S1167,S1167,S1167,S1167,S1167,S1167,S1167,S1167,S1167,S1167,S1167
S1330,S1330,S1330,S1330,S1330,S1330,S1330,S1330,S1330,S1330,S1330,S1330,S1330,S1330,S1330,S1330,S1330,S1330,S1330,S1330,S1330,S1330,S1330,S1330,S1330,S1330,S1330,S1330,S1330
S601,S601,S601,S601,S601,S601,S601,S601,S601,S601,S601,S601,S601,S601,S601,S601,S601,S601,S601,S601,S601,S601,S601,S601,S601,S601,S601,S601,S601
S1257,S1257,S1257,S1257,S1257,S1257,S1257,S1257,S1257,S1257,S1257,S1257,S1257,S1257,S1257,S1257,S1257,S1257,S1257,S1257,S1257,S1257,S1257,S1257,S1257,S1257,S1257,S1257,S1257
S656,S656,S656,S656,S656,S656,S656,S656,S656,S656,S656,S656,S656,S656,S656,S656,S656,S656,S656,S656,S656,S656,S656,S656,S656,S656,S656,S656,S656
S859,S859,S859,S859,S859,S859,S859,S859,S859,S859,S859,S859,S859,S859,S859,S859,S859,S859,S859,S859,S859,S859,S859,S859,S859,S859,S859,S859,S859
S1154,S1154,S1154,S1154,S1154,S1154,S1154,S1154,S1154,S1154,S1154,S1154,S1154,S1154,S1154,S1154,S1154,S1154,S1154,S1154,S1154,S1154,S1154,S1154,S1154,S1154,S1154,S1154,S1154
S502,S502,S502,S502,S502,S502,S502,S502,S502,S502,S502,S502,S502,S502,S502,S502,S502,S502,S502,S502,S502,S502,S502,S502,S502,S502,S502,S502,S502
S1316,S1316,S1316,S1316,S1316,S1316,S1316,S1316,S1316,S1316,S1316,S1316,S1316,S1316,S1316,S1316,S1316,S1316,S1316,S1316,S1316,S1316,S1316,S1316,S1316,S1316,S1316,S1316,S1316
S1156,S1156,S1156,S1156,S1156,S1156,S1156,S1156,S1156,S1156,S1156,S1156,S1156,S1156,S1156,S1156,S1156,S1156,S1156,S1156,S1156,S1156,S1156,S1156,S1156,S1156,S1156,S1156,S1156
S842,S842,S842,S842,S842,S842,S842,S842,S842,S842,S842,S842,S842,S842,S842,S842,S842,S842,S842,S842,S842,S842,S842,S842,S842,S842,S842,S842,S842
S1221,S1221,S1221,S1221,S1221,S1221,S1221,S1221,S1221,S1221,S1221,S1221,S1221,S1221,S1221,S1221,S1221,S1221,S1221,S1221,S1221,S1221,S1221,S1221,S1221,S1221,S1221,S1221,S1221
S945,S945,S945,S945,S945,S945,S945,S945,S945,S945,S945,S945,S945,S945,S945,S945,S945,S945,S945,S945,S945,S945,S945,S945,S945,S945,S945,S945,S945
S1023,S1023,S1023,S1023,S1023,S1023,S1023,S1023,S1023,S1023,S1023,S1023,S1023,S1023,S1023,S1023,S1023,S1023,S1023,S1023,S1023,S1023,S1023,S1023,S1023,S1023,S1023,S1023,S1023
S943,S943,S943,S943,S943,S943,S943,S943,S943,S943,S943,S943,S943,S943,S943,S943,S943,S943,S943,S943,S943,S943,S943,S943,S943,S943,S943,S943,S943
S858,S858,S858,S858,S858,S858,S858,S858,S858,S858,S858,S858,S858,S858,S858,S858,S858,S858,S858,S858,S858,S858,S858,S858,S858,S858,S858,S858,S858
S110,S110,S110,S110,S110,S110,S110,S110,S110,S110,S110,S110,S110,S110,S110,S110,S110,S110,S110,S110,S110,S110,S110,S110,S110,S110,S110,S110,S110
S63,S63,S63,S63,S63,S63,S63,S63,S63,S63,S63,S63,S63,S63,S63,S63,S63,S63,S63,S63,S63,S63,S63,S63,S63,S63,S63,S63,S63
S341,S341,S341,S341,S341,S341,S341,S341,S341,S341,S341,S341,S341,S341,S341,S341,S341,S341,S341,S341,S341,S341,S341,S341,S341,S341,S341,S341,S341
S485,S485,S485,S485,S485,S485,S485,S485,S485,S485,S485,S485,S485,S485,S485,S485,S485,S485,S485,S485,S485,S485,S485,S485,S485,S485,S485,S485,S485
S855,S855,S855,S855,S855,S855,S855,S855,S855,S855,S855,S855,S855,S855,S855,S855,S855,S855,S855,S855,S855,S855,S855,S855,S855,S855,S855,S855,S855
S491,S491,S491,S491,S491,S491,S491,S491,S491,S491,S491,S491,S491,S491,S491,S491,S491,S491,S491,S491,S491,S491,S491,S491,S491,S491,S491,S491,S491
S1174,S1174,S1174,S1174,S1174,S1174,S1174,S1174,S1174,S1174,S1174,S1174,S1174,S1174,S1174,S1174,S1174,S1174,S1174,S1174,S1174,S1174,S1174,S1174,S1174,S1174,S1174,S1174,S1174
S235,S235,S235,S235,S235,S235,S235,S235,S235,S235,S235,S235,S235,S235,S235,S235,S235,S235,S235,S235,S235,S235,S235,S235,S235,S235,S235,S235,S235
S1380,S1380,S1380,S1380,S1380,S1380,S1380,S1380,S1380,S1380,S1380,S1380,S1380,S1380,S1380,S1380,S1380,S1380,S1380,S1380,S1380,S1380,S1380,S1380,S1380,S1380,S1380,S1380,S1380
S45,S45,S45,S45,S45,S45,S45,S45,S45,S45,S45,S45,S45,S45,S45,S45,S45,S45,S45,S45,S45,S45,S45,S45,S45,S45,S45,S45,S45
S1148,S1148,S1148,S1148,S1148,S1148,S1148,S1148,S1148,S1148,S1148,S1148,S1148,S1148,S1148,S1148,S1148,S1148,S1148,S1148,S1148,S1148,S1148,S1148,S1148,S1148,S1148,S1148,S1148
S1277,S1277,S1277,S1277,S1277,S1277,S1277,S1277,S1277,S1277,S1277,S1277,S1277,S1277,S1277,S1277,S1277,S1277,S1277,S1277,S1277,S1277,S1277,S1277,S1277,S1277,S1277,S1277,S1277
S828,S828,S828,S828,S828,S828,S828,S828,S828,S828,S828,S828,S828,S828,S828,S828,S828,S828,S828,S828,S828,S828,S828,S828,S828,S828,S828,S828,S828
S1092,S1092,S1092,S1092,S1092,S1092,S1092,S1092,S1092,S1092,S1092,S1092,S1092,S1092,S1092,S1092,S1092,S1092,S1092,S1092,S1092,S1092,S1092,S1092,S1092,S1092,S1092,S1092,S1092
S717,S717,S717,S717,S717,S717,S717,S717,S717,S717,S717,S717,S717,S717,S717,S717,S717,S717,S717,S717,S717,S717,S717,S717,S717,S717,S717,S717,S717
S104,S104,S104,S104,S104,S104,S104,S104,S104,S104,S104,S104,S104,S104,S104,S104,S104,S104,S104,S104,S104,S104,S104,S104,S104,S104,S104,S104,S104
S493,S493,S493,S493,S493,S493,S493,S493,S493,S493,S493,S493,S493,S493,S493,S493,S493,S493,S493,S493,S493,S493,S493,S493,S493,S493,S493,S493,S493
S611,S611,S611,S611,S611,S611,S611,S611,S611,S611,S611,S611,S611,S611,S611,S611,S611,S611,S611,S611,S611,S611,S611,S611,S611,S611,S611,S611,S611
S1052,S1052,S1052,S1052,S1052,S1052,S1052,S1052,S1052,S1052,S1052,S1052,S1052,S1052,S1052,S1052,S1052,S1052,S1052,S1052,S1052,S1052,S1052,S1052,S1052,S1052,S1052,S1052,S1052
S24,S24,S24,S24,S24,S24,S24,S24,S24,S24,S24,S24,S24,S24,S24,S24,S24,S24,S24,S24,S24,S24,S24,S24,S24,S24,S24,S24,S24
S697,S697,S697,S697,S697,S697,S697,S697,S697,S697,S697,S697,S697,S697,S697,S697,S697,S697,S697,S697,S697,S697,S697,S697,S697,S697,S697,S697,S697
S300,S300,S300,S300,S300,S300,S300,S300,S300,S300,S300,S300,S300,S300,S300,S300,S300,S300,S300,S300,S300,S300,S300,S300,S300,S300,S300,S300,S300
S1333,S1333,S1333,S1333,S1333,S1333,S1333,S1333,S1333,S1333,S1333,S1333,S1333,S1333,S1333,S1333,S1333,S1333,S1333,S1333,S1333,S1333,S1333,S1333,S1333,S1333,S1333,S1333,S1333
S626,S626,S626,S626,S626,S626,S626,S626,S626,S626,S626,S626,S626,S626,S626,S626,S626,S626,S626,S626,S626,S626,S626,S626,S626,S626,S626,S626,S626
S1362,S1362,S1362,S1362,S1362,S1362,S1362,S1362,S1362,S1362,S1362,S1362,S1362,S1362,S1362,S1362,S1362,S1362,S1362,S1362,S1362,S1362,S1362,S1362,S1362,S1362,S1362,S1362,S1362
S319,S319,S319,S319,S319,S319,S319,S319,S319,S319,S319,S319,S319,S319,S319,S319,S319,S319,S319,S319,S319,S319,S319,S319,S319,S319,S319,S319,S319
S434,S434,S434,S434,S434,S434,S434,S434,S434,S434,S434,S434,S434,S434,S434,S434,S434,S434,S434,S434,S434,S434,S434,S434,S434,S434,S434,S434,S434
S201,S201,S201,S201,S201,S201,S201,S201,S201,S201,S201,S201,S201,S201,S201,S201,S201,S201,S201,S201,S201,S201,S201,S201,S201,S201,S201,S201,S201
S236,S236,S236,S236,S236,S236,S236,S236,S236,S236,S236,S236,S236,S236,S236,S236,S236,S236,S236,S236,S236,S236,S236,S236,S236,S236,S236,S236,S236
S793,S793,S793,S793,S793,S793,S793,S793,S793,S793,S793,S793,S793,S793,S793,S793,S793,S793,S793,S793,S793,S793,S793,S793,S793,S793,S793,S793,S793
S448,S448,S448,S448,S448,S448,S448,S448,S448,S448,S448,S448,S448,S448,S448,S448,S448,S448,S448,S448,S448,S448,S448,S448,S448,S448,S448,S448,S448
S1009,S1009,S1009,S1009,S1009,S1009,S1009,S1009,S1009,S1009,S1009,S1009,S1009,S1009,S1009,S1009,S1009,S1009,S1009,S1009,S1009,S1009,S1009,S1009,S1009,S1009,S1009,S1009,S1009
S1220,S1220,S1220,S1220,S1220,S1220,S1220,S1220,S1220,S1220,S1220,S1220,S1220,S1220,S1220,S1220,S1220,S1220,S1220,S1220,S1220,S1220,S1220,S1220,S1220,S1220,S1220,S1220,S1220
S515,S515,S515,S515,S515,S515,S515,S515,S515,S515,S515,S515,S515,S515,S515,S515,S515,S515,S515,S515,S515,S515,S515,S515,S515,S515,S515,S515,S515
S1093,S1093,S1093,S1093,S1093,S1093,S1093,S1093,S1093,S1093,S1093,S1093,S1093,S1093,S1093,S1093,S1093,S1093,S1093,S1093,S1093,S1093,S1093,S1093,S1093,S1093,S1093,S1093,S1093
S171,S171,S171,S171,S171,S171,S171,S171,S171,S171,S171,S171,S171,S171,S171,S171,S171,S171,S171,S171,S171,S171,S171,S171,S171,S171,S171,S171,S171
S140,S140,S140,S140,S140,S140,S140,S140,S140,S140,S140,S140,S140,S140,S140,S140,S140,S140,S140,S140,S140,S140,S140,S140,S140,S140,S140,S140,S140
S332,S332,S332,S332,S332,S332,S332,S332,S332,S332,S332,S332,S332,S332,S332,S332,S332,S332,S332,S332,S332,S332,S332,S332,S332,S332,S332,S332,S332
S689,S689,S689,S689,S689,S689,S689,S689,S689,S689,S689,S689,S689,S689,S689,S689,S689,S689,S689,S689,S689,S689,S689,S689,S689,S689,S689,S689,S689
S1147,S1147,S1147,S1147,S1147,S1147,S1147,S1147,S1147,S1147,S1147,S1147,S1147,S1147,S1147,S1147,S1147,S1147,S1147,S1147,S1147,S1147,S1147,S1147,S1147,S1147,S1147,S1147,S1147
S977,S977,S977,S977,S977,S977,S977,S977,S977,S977,S977,S977,S977,S977,S977,S977,S977,S977,S977,S977,S977,S977,S977,S977,S977,S977,S977,S977,S977
S9,S9,S9,S9,S9,S9,S9,S9,S9,S9,S9,S9,S9,S9,S9,S9,S9,S9,S9,S9,S9,S9,S9,S9,S9,S9,S9,S9,S9
S37,S37,S37,S37,S37,S37,S37,S37,S37,S37,S37,S37,S37,S37,S37,S37,S37,S37,S37,S37,S37,S37,S37,S37,S37,S37,S37,S37,S37
S958,S958,S958,S958,S958,S958,S958,S958,S958,S958,S958,S958,S958,S958,S958,S958,S958,S958,S958,S958,S958,S958,S958,S958,S958,S958,S958,S958,S958
S706,S706,S706,S706,S706,S706,S706,S706,S706,S706,S706,S706,S706,S706,S706,S706,S706,S706,S706,S706,S706,S706,S706,S706,S706,S706,S706,S706,S706
S740,S740,S740,S740,S740,S740,S740,S740,S740,S740,S740,S740,S740,S740,S740,S740,S740,S740,S740,S740,S740,S740,S740,S740,S740,S740,S740,S740,S740
S109,S109,S109,S109,S109,S109,S109,S109,S109,S109,S109,S109,S109,S109,S109,S109,S109,S109,S109,S109,S109,S109,S109,S109,S109,S109,S109,S109,S109
S19,S19,S19,S19,S19,S19,S19,S19,S19,S19,S19,S19,S19,S19,S19,S19,S19,S19,S19,S19,S19,S19,S19,S19,S19,S19,S19,S19,S19
S1117,S1117,S1117,S1117,S1117,S1117,S1117,S1117,S1117,S1117,S1117,S1117,S1117,S1117,S1117,S1117,S1117,S1117,S1117,S1117,S1117,S1117,S1117,S1117,S1117,S1117,S1117,S1117,S1117
S1321,S1321,S1321,S1321,S1321,S1321,S1321,S1321,S1321,S1321,S1321,S1321,S1321,S1321,S1321,S1321,S1321,S1321,S1321,S1321,S1321,S1321,S1321,S1321,S1321,S1321,S1321,S1321,S1321
S809,S809,S809,S809,S809,S809,S809,S809,S809,S809,S809,S809,S809,S809,S809,S809,S809,S809,S809,S809,S809,S809,S809,S809,S809,S809,S809,S809,S809
S75,S75,S75,S75,S75,S75,S75,S75,S75,S75,S75,S75,S75,S75,S75,S75,S75,S75,S75,S75,S75,S75,S75,S75,S75,S75,S75,S75,S75
S834,S834,S834,S834,S834,S834,S834,S834,S834,S834,S834,S834,S834,S834,S834,S834,S834,S834,S834,S834,S834,S834,S834,S834,S834,S834,S834,S834,S834
S1066,S1066,S1066,S1066,S1066,S1066,S1066,S1066,S1066,S1066,S1066,S1066,S1066,S1066,S1066,S1066,S1066,S1066,S1066,S1066,S1066,S1066,S1066,S1066,S1066,S1066,S1066,S1066,S1066
S408,S408,S408,S408,S408,S408,S408,S408,S408,S408,S408,S408,S408,S408,S408,S408,S408,S408,S408,S408,S408,S408,S408,S408,S408,S408,S408,S408,S408
S935,S935,S935,S935,S935,S935,S935,S935,S935,S935,S935,S935,S935,S935,S935,S935,S935,S935,S935,S935,S935,S935,S935,S935,S935,S935,S935,S935,S935
S1212,S1212,S1212,S1212,S1212,S1212,S1212,S1212,S1212,S1212,S1212,S1212,S1212,S1212,S1212,S1212,S1212,S1212,S1212,S1212,S1212,S1212,S1212,S1212,S1212,S1212,S1212,S1212,S1212
